supernode,row
0,0
0,103
0,104
0,105
0,106
0,107
0,109
0,110
0,112
0,114
0,116
0,117
0,118
0,119
0,120
0,124
0,125
0,128
0,129
0,131
0,132
0,133
0,134
0,136
0,137
0,139
0,140
0,141
0,142
0,143
0,144
0,145
0,146
0,149
0,150
0,151
0,152
0,292
0,299
0,302
0,303
0,309
0,313
0,316
0,317
0,319
0,324
0,532
0,1100
0,1102
0,1104
0,1105
0,1109
0,1115
0,1116
0,1118
0,1142
0,1147
0,1148
0,1149
0,1155
0,1157
0,1162
0,1163
0,1164
0,1165
0,1166
0,1167
0,1169
0,1170
0,1171
0,1172
0,1173
0,1174
0,1175
0,1181
0,1183
0,1187
0,1194
0,1195
0,1204
0,1209
1,1
1,105
1,108
1,112
1,113
1,115
1,116
1,117
1,118
1,120
1,121
1,122
1,123
1,124
1,125
1,126
1,127
1,128
1,130
1,131
1,132
1,133
1,134
1,135
1,137
1,138
1,139
1,141
1,142
1,146
1,147
1,148
1,150
1,151
1,152
1,299
1,302
1,303
1,309
1,316
1,317
1,322
1,323
1,326
1,328
1,1103
1,1104
1,1105
1,1109
1,1111
1,1112
1,1115
1,1118
1,1120
1,1142
1,1143
1,1147
1,1149
1,1157
1,1167
1,1168
1,1169
1,1170
1,1172
1,1173
1,1174
1,1175
1,1176
1,1181
1,1183
1,1184
1,1187
1,1189
1,1193
1,1194
1,1195
1,1201
1,1203
1,1204
2,2
2,102
2,103
2,104
2,105
2,106
2,107
2,109
2,110
2,111
2,112
2,113
2,114
2,116
2,117
2,119
2,120
2,121
2,122
2,124
2,125
2,126
2,128
2,129
2,131
2,132
2,133
2,135
2,136
2,137
2,138
2,139
2,140
2,141
2,142
2,143
2,144
2,145
2,147
2,148
2,150
2,151
2,292
2,299
2,302
2,303
2,309
2,312
2,313
2,317
2,319
2,321
2,322
2,323
2,326
2,328
2,1100
2,1102
2,1103
2,1104
2,1105
2,1109
2,1111
2,1112
2,1115
2,1116
2,1118
2,1120
2,1142
2,1143
2,1148
2,1149
2,1155
2,1157
2,1162
2,1163
2,1164
2,1165
2,1166
2,1167
2,1168
2,1169
2,1170
2,1171
2,1172
2,1173
2,1174
2,1175
2,1176
2,1181
2,1183
2,1184
2,1187
2,1194
2,1195
2,1201
2,1209
3,3
3,102
3,103
3,106
3,107
3,108
3,110
3,112
3,115
3,116
3,117
3,118
3,119
3,120
3,121
3,124
3,125
3,126
3,127
3,128
3,129
3,130
3,131
3,132
3,133
3,134
3,135
3,137
3,138
3,140
3,141
3,143
3,144
3,146
3,147
3,150
3,151
3,152
3,299
3,302
3,303
3,309
3,312
3,313
3,316
3,317
3,321
3,322
3,323
3,324
3,532
3,1100
3,1102
3,1103
3,1105
3,1109
3,1112
3,1118
3,1120
3,1142
3,1149
3,1157
3,1167
3,1168
3,1169
3,1170
3,1172
3,1173
3,1174
3,1175
3,1176
3,1181
3,1187
3,1189
3,1194
3,1195
3,1201
3,1203
4,4
4,105
4,108
4,111
4,112
4,116
4,117
4,120
4,121
4,122
4,123
4,124
4,125
4,126
4,127
4,128
4,130
4,131
4,132
4,133
4,134
4,135
4,136
4,137
4,138
4,139
4,141
4,142
4,146
4,147
4,149
4,150
4,152
4,299
4,302
4,303
4,309
4,312
4,313
4,316
4,317
4,319
4,322
4,323
4,326
4,328
4,532
4,1103
4,1104
4,1105
4,1109
4,1111
4,1112
4,1118
4,1120
4,1142
4,1143
4,1147
4,1149
4,1155
4,1162
4,1163
4,1164
4,1165
4,1166
4,1167
4,1168
4,1169
4,1170
4,1171
4,1172
4,1173
4,1174
4,1175
4,1176
4,1181
4,1184
4,1187
4,1189
4,1193
4,1194
4,1195
4,1201
4,1203
4,1204
5,5
5,108
5,111
5,112
5,116
5,118
5,120
5,121
5,122
5,123
5,124
5,125
5,127
5,128
5,130
5,133
5,135
5,137
5,138
5,141
5,144
5,145
5,147
5,152
5,292
5,302
5,303
5,309
5,312
5,313
5,316
5,317
5,319
5,321
5,322
5,323
5,324
5,326
5,328
5,532
5,1100
5,1102
5,1103
5,1104
5,1109
5,1111
5,1112
5,1115
5,1116
5,1120
5,1142
5,1143
5,1147
5,1148
5,1155
5,1162
5,1163
5,1164
5,1165
5,1166
5,1167
5,1168
5,1169
5,1170
5,1171
5,1172
5,1173
5,1174
5,1175
5,1176
5,1181
5,1183
5,1184
5,1187
5,1189
5,1193
5,1194
5,1195
5,1201
5,1203
5,1204
5,1209
6,6
6,46
6,58
6,59
6,60
6,61
6,108
6,111
6,112
6,120
6,121
6,123
6,125
6,127
6,128
6,130
6,133
6,135
6,138
6,141
6,144
6,145
6,147
6,152
6,293
6,294
6,295
6,296
6,298
6,300
6,302
6,303
6,304
6,306
6,307
6,308
6,309
6,310
6,311
6,312
6,313
6,314
6,320
6,321
6,322
6,325
6,504
6,507
6,541
6,1098
6,1099
6,1101
6,1103
6,1105
6,1106
6,1110
6,1112
6,1113
6,1116
6,1118
6,1126
6,1147
6,1148
6,1162
6,1165
6,1167
6,1168
6,1169
6,1170
6,1172
6,1173
6,1174
6,1175
6,1196
6,1203
6,1204
6,1212
7,7
7,83
7,84
7,85
7,86
7,87
7,102
7,105
7,111
7,112
7,113
7,114
7,115
7,117
7,128
7,131
7,132
7,134
7,136
7,139
7,141
7,142
7,145
7,148
7,149
7,150
7,152
7,292
7,293
7,294
7,299
7,301
7,302
7,303
7,308
7,309
7,311
7,312
7,313
7,314
7,320
7,321
7,322
7,324
7,325
7,326
7,327
7,504
7,507
7,514
7,524
7,541
7,1101
7,1104
7,1105
7,1107
7,1109
7,1115
7,1116
7,1118
7,1121
7,1142
7,1143
7,1147
7,1148
7,1149
7,1156
7,1157
7,1162
7,1163
7,1164
7,1165
7,1167
7,1168
7,1169
7,1170
7,1171
7,1172
7,1173
7,1174
7,1175
7,1176
7,1181
7,1183
7,1187
7,1194
7,1195
7,1198
7,1204
7,1210
8,8
8,72
8,73
8,75
8,76
8,77
8,78
8,79
8,80
8,83
8,86
8,87
8,105
8,111
8,112
8,114
8,115
8,117
8,121
8,127
8,131
8,132
8,134
8,139
8,141
8,142
8,145
8,146
8,147
8,149
8,150
8,152
8,293
8,294
8,299
8,301
8,302
8,308
8,309
8,318
8,320
8,321
8,322
8,324
8,325
8,326
8,327
8,504
8,507
8,514
8,524
8,541
8,1101
8,1103
8,1104
8,1105
8,1107
8,1108
8,1109
8,1112
8,1115
8,1116
8,1118
8,1121
8,1142
8,1143
8,1147
8,1148
8,1149
8,1157
8,1162
8,1163
8,1164
8,1165
8,1166
8,1167
8,1168
8,1169
8,1170
8,1172
8,1173
8,1174
8,1175
8,1176
8,1181
8,1183
8,1187
8,1194
8,1195
8,1203
8,1204
9,9
9,72
9,73
9,74
9,75
9,76
9,78
9,79
9,80
9,82
9,83
9,86
9,87
9,105
9,111
9,112
9,117
9,121
9,128
9,131
9,132
9,134
9,136
9,139
9,141
9,142
9,145
9,146
9,147
9,149
9,150
9,152
9,293
9,294
9,299
9,302
9,303
9,308
9,309
9,311
9,312
9,313
9,314
9,315
9,316
9,317
9,318
9,320
9,321
9,322
9,325
9,326
9,327
9,504
9,507
9,514
9,541
9,1099
9,1101
9,1103
9,1107
9,1108
9,1109
9,1112
9,1115
9,1116
9,1117
9,1121
9,1142
9,1148
9,1149
9,1156
9,1162
9,1163
9,1164
9,1165
9,1166
9,1167
9,1170
9,1171
9,1172
9,1173
9,1174
9,1175
9,1176
9,1181
9,1183
9,1187
9,1194
9,1195
10,10
10,46
10,59
10,60
10,61
10,72
10,73
10,75
10,76
10,77
10,78
10,79
10,80
10,83
10,86
10,87
10,112
10,120
10,121
10,123
10,125
10,126
10,127
10,128
10,130
10,133
10,135
10,138
10,141
10,144
10,145
10,147
10,152
10,293
10,294
10,295
10,296
10,298
10,302
10,303
10,306
10,307
10,308
10,309
10,310
10,311
10,312
10,313
10,314
10,316
10,317
10,318
10,325
10,504
10,507
10,1101
10,1103
10,1105
10,1106
10,1108
10,1110
10,1112
10,1113
10,1118
10,1126
10,1147
10,1148
10,1162
10,1163
10,1164
10,1165
10,1167
10,1168
10,1169
10,1170
10,1172
10,1175
10,1203
10,1204
10,1212
11,11
11,57
11,59
11,60
11,61
11,63
11,64
11,65
11,66
11,67
11,68
11,70
11,73
11,75
11,76
11,77
11,111
11,112
11,120
11,123
11,125
11,126
11,127
11,130
11,133
11,135
11,138
11,141
11,145
11,147
11,152
11,293
11,294
11,295
11,296
11,298
11,300
11,302
11,304
11,306
11,308
11,309
11,310
11,315
11,318
11,320
11,321
11,322
11,325
11,504
11,507
11,541
11,1098
11,1101
11,1103
11,1105
11,1106
11,1110
11,1112
11,1113
11,1118
11,1126
11,1147
11,1148
11,1162
11,1163
11,1164
11,1165
11,1167
11,1170
11,1172
11,1173
11,1174
11,1175
11,1203
11,1204
12,12
12,48
12,49
12,50
12,51
12,52
12,53
12,55
12,72
12,78
12,79
12,80
12,83
12,85
12,86
12,87
12,102
12,105
12,112
12,113
12,114
12,115
12,117
12,121
12,127
12,128
12,131
12,132
12,134
12,136
12,139
12,141
12,142
12,145
12,147
12,149
12,152
12,293
12,294
12,299
12,301
12,302
12,303
12,308
12,309
12,315
12,316
12,317
12,318
12,324
12,325
12,326
12,327
12,504
12,507
12,514
12,524
12,1103
12,1104
12,1105
12,1108
12,1109
12,1112
12,1115
12,1116
12,1117
12,1118
12,1142
12,1143
12,1147
12,1148
12,1149
12,1156
12,1157
12,1162
12,1163
12,1164
12,1165
12,1166
12,1167
12,1168
12,1169
12,1170
12,1171
12,1172
12,1173
12,1174
12,1175
12,1181
12,1183
12,1187
12,1194
12,1195
12,1203
12,1204
12,1210
13,13
13,48
13,49
13,50
13,51
13,52
13,53
13,55
13,73
13,75
13,76
13,77
13,83
13,84
13,86
13,87
13,105
13,112
13,114
13,115
13,117
13,128
13,131
13,132
13,134
13,136
13,139
13,141
13,142
13,145
13,146
13,148
13,149
13,150
13,152
13,292
13,293
13,294
13,299
13,301
13,302
13,303
13,308
13,309
13,311
13,312
13,313
13,314
13,315
13,316
13,317
13,318
13,324
13,325
13,504
13,507
13,514
13,524
13,1101
13,1104
13,1105
13,1107
13,1109
13,1115
13,1116
13,1117
13,1118
13,1142
13,1143
13,1147
13,1148
13,1149
13,1157
13,1162
13,1163
13,1164
13,1165
13,1166
13,1167
13,1168
13,1169
13,1170
13,1171
13,1172
13,1173
13,1174
13,1175
13,1181
13,1183
13,1187
13,1194
13,1195
13,1204
13,1210
14,14
14,73
14,74
14,75
14,76
14,77
14,78
14,79
14,80
14,81
14,82
14,83
14,84
14,85
14,86
14,87
14,102
14,111
14,112
14,117
14,121
14,127
14,131
14,145
14,147
14,148
14,149
14,293
14,294
14,308
14,311
14,312
14,313
14,314
14,315
14,316
14,317
14,318
14,320
14,321
14,322
14,325
14,326
14,327
14,504
14,507
14,514
14,524
14,541
14,1098
14,1099
14,1101
14,1103
14,1104
14,1107
14,1108
14,1109
14,1112
14,1115
14,1116
14,1117
14,1121
14,1142
14,1143
14,1147
14,1148
14,1156
14,1162
14,1163
14,1164
14,1165
14,1166
14,1167
14,1168
14,1169
14,1170
14,1171
14,1172
14,1175
14,1176
14,1181
14,1183
14,1187
14,1194
14,1195
14,1198
14,1203
14,1204
14,1210
15,15
15,57
15,59
15,60
15,61
15,62
15,63
15,64
15,66
15,67
15,68
15,70
15,71
15,73
15,75
15,76
15,82
15,111
15,112
15,120
15,121
15,125
15,126
15,127
15,128
15,130
15,133
15,135
15,138
15,141
15,145
15,147
15,152
15,293
15,294
15,296
15,298
15,300
15,302
15,303
15,304
15,308
15,309
15,312
15,313
15,314
15,315
15,316
15,317
15,318
15,320
15,321
15,322
15,325
15,504
15,507
15,541
15,1098
15,1099
15,1101
15,1103
15,1105
15,1108
15,1110
15,1112
15,1118
15,1126
15,1148
15,1162
15,1163
15,1164
15,1165
15,1167
15,1168
15,1169
15,1170
15,1172
15,1173
15,1174
15,1175
15,1203
16,16
16,47
16,48
16,49
16,51
16,52
16,53
16,54
16,55
16,72
16,74
16,78
16,79
16,80
16,83
16,85
16,86
16,87
16,102
16,105
16,112
16,113
16,114
16,117
16,121
16,128
16,131
16,132
16,134
16,136
16,139
16,141
16,142
16,146
16,147
16,148
16,149
16,150
16,152
16,293
16,294
16,299
16,302
16,303
16,308
16,309
16,315
16,316
16,317
16,318
16,325
16,326
16,327
16,504
16,507
16,514
16,1098
16,1103
16,1104
16,1108
16,1109
16,1112
16,1115
16,1116
16,1117
16,1142
16,1143
16,1147
16,1148
16,1149
16,1156
16,1162
16,1163
16,1164
16,1165
16,1166
16,1167
16,1170
16,1171
16,1181
16,1183
16,1187
16,1194
16,1195
16,1204
16,1210
17,17
17,48
17,49
17,52
17,53
17,54
17,56
17,72
17,75
17,76
17,78
17,80
17,81
17,82
17,83
17,84
17,86
17,87
17,102
17,105
17,111
17,112
17,113
17,114
17,115
17,117
17,121
17,128
17,131
17,132
17,134
17,136
17,139
17,141
17,142
17,145
17,146
17,147
17,149
17,150
17,152
17,292
17,293
17,294
17,299
17,301
17,302
17,303
17,308
17,309
17,314
17,315
17,316
17,317
17,318
17,320
17,321
17,322
17,324
17,325
17,326
17,327
17,504
17,507
17,514
17,541
17,1098
17,1099
17,1101
17,1103
17,1104
17,1105
17,1107
17,1109
17,1112
17,1115
17,1116
17,1117
17,1118
17,1121
17,1142
17,1148
17,1149
17,1157
17,1162
17,1163
17,1164
17,1165
17,1166
17,1167
17,1168
17,1169
17,1170
17,1171
17,1172
17,1175
17,1176
17,1181
17,1183
17,1187
17,1194
17,1195
17,1198
17,1210
18,18
18,46
18,57
18,58
18,59
18,60
18,61
18,72
18,73
18,74
18,75
18,76
18,78
18,79
18,80
18,81
18,85
18,86
18,87
18,112
18,120
18,121
18,123
18,125
18,126
18,127
18,128
18,130
18,133
18,135
18,138
18,141
18,144
18,147
18,152
18,293
18,294
18,296
18,298
18,302
18,303
18,306
18,307
18,308
18,309
18,310
18,311
18,312
18,313
18,314
18,315
18,316
18,317
18,318
18,320
18,325
18,504
18,507
18,541
18,1101
18,1103
18,1105
18,1108
18,1110
18,1112
18,1118
18,1126
18,1148
18,1162
18,1163
18,1164
18,1165
18,1167
18,1168
18,1169
18,1170
18,1203
18,1212
19,19
19,47
19,48
19,49
19,51
19,52
19,53
19,55
19,56
19,72
19,73
19,75
19,76
19,81
19,83
19,84
19,85
19,86
19,87
19,105
19,112
19,115
19,117
19,128
19,131
19,132
19,134
19,136
19,139
19,141
19,142
19,146
19,148
19,149
19,150
19,152
19,292
19,293
19,294
19,299
19,302
19,303
19,308
19,309
19,311
19,312
19,313
19,314
19,315
19,316
19,317
19,318
19,324
19,325
19,504
19,507
19,514
19,524
19,541
19,1101
19,1107
19,1109
19,1115
19,1116
19,1117
19,1142
19,1148
19,1149
19,1162
19,1163
19,1164
19,1165
19,1166
19,1167
19,1170
19,1171
19,1181
19,1183
19,1187
19,1194
19,1195
19,1210
20,20
20,57
20,58
20,59
20,60
20,61
20,63
20,64
20,65
20,66
20,67
20,68
20,70
20,72
20,78
20,79
20,80
20,83
20,86
20,87
20,108
20,112
20,121
20,123
20,125
20,127
20,128
20,130
20,133
20,135
20,138
20,141
20,145
20,147
20,152
20,293
20,294
20,295
20,296
20,298
20,300
20,302
20,303
20,304
20,306
20,308
20,309
20,310
20,315
20,316
20,317
20,318
20,325
20,504
20,507
20,1099
20,1103
20,1105
20,1106
20,1108
20,1112
20,1113
20,1116
20,1118
20,1126
20,1147
20,1148
20,1162
20,1163
20,1164
20,1165
20,1167
20,1168
20,1169
20,1170
20,1172
20,1175
20,1203
20,1204
20,1212
21,21
21,47
21,48
21,49
21,50
21,51
21,52
21,53
21,54
21,55
21,56
21,72
21,74
21,78
21,79
21,80
21,83
21,84
21,86
21,87
21,102
21,105
21,113
21,114
21,117
21,121
21,127
21,131
21,136
21,139
21,142
21,146
21,147
21,148
21,149
21,293
21,294
21,308
21,311
21,312
21,313
21,314
21,320
21,321
21,322
21,325
21,326
21,327
21,504
21,507
21,514
21,524
21,541
21,1098
21,1099
21,1101
21,1103
21,1104
21,1105
21,1107
21,1108
21,1109
21,1112
21,1115
21,1116
21,1117
21,1118
21,1121
21,1142
21,1148
21,1149
21,1157
21,1162
21,1163
21,1164
21,1165
21,1166
21,1172
21,1173
21,1174
21,1175
21,1176
21,1181
21,1183
21,1187
21,1194
21,1195
21,1198
21,1203
21,1210
22,22
22,48
22,49
22,50
22,51
22,52
22,53
22,55
22,73
22,74
22,75
22,76
22,77
22,78
22,80
22,81
22,82
22,83
22,84
22,86
22,87
22,111
22,112
22,117
22,121
22,127
22,128
22,131
22,132
22,134
22,141
22,146
22,147
22,148
22,149
22,150
22,152
22,293
22,294
22,299
22,301
22,302
22,303
22,308
22,309
22,311
22,312
22,313
22,314
22,315
22,316
22,317
22,318
22,320
22,321
22,322
22,325
22,504
22,507
22,524
22,541
22,1099
22,1101
22,1103
22,1105
22,1107
22,1108
22,1109
22,1112
22,1117
22,1118
22,1121
22,1142
22,1149
22,1156
22,1157
22,1162
22,1165
22,1166
22,1167
22,1168
22,1169
22,1170
22,1171
22,1172
22,1173
22,1174
22,1175
22,1176
22,1181
22,1187
22,1194
22,1195
22,1198
22,1203
23,23
23,57
23,58
23,59
23,60
23,61
23,62
23,63
23,64
23,66
23,67
23,68
23,69
23,70
23,72
23,74
23,78
23,79
23,80
23,84
23,86
23,87
23,108
23,112
23,120
23,121
23,125
23,126
23,127
23,128
23,130
23,133
23,135
23,138
23,141
23,144
23,147
23,152
23,293
23,294
23,296
23,298
23,300
23,302
23,303
23,304
23,308
23,309
23,315
23,316
23,317
23,318
23,325
23,504
23,507
23,1099
23,1103
23,1105
23,1106
23,1108
23,1112
23,1116
23,1118
23,1126
23,1147
23,1148
23,1162
23,1163
23,1164
23,1165
23,1167
23,1168
23,1169
23,1170
23,1203
23,1204
23,1212
24,24
24,46
24,57
24,59
24,60
24,61
24,63
24,64
24,66
24,68
24,69
24,71
24,75
24,76
24,79
24,80
24,81
24,82
24,84
24,85
24,86
24,87
24,108
24,111
24,112
24,120
24,121
24,123
24,125
24,126
24,127
24,128
24,130
24,133
24,135
24,138
24,141
24,145
24,147
24,152
24,293
24,294
24,295
24,296
24,298
24,300
24,302
24,303
24,304
24,307
24,308
24,309
24,310
24,311
24,314
24,315
24,316
24,317
24,318
24,321
24,322
24,325
24,504
24,507
24,541
24,1098
24,1101
24,1103
24,1105
24,1108
24,1110
24,1112
24,1113
24,1116
24,1118
24,1126
24,1147
24,1148
24,1162
24,1163
24,1164
24,1165
24,1167
24,1168
24,1169
24,1170
24,1172
24,1173
24,1174
24,1175
24,1196
24,1203
24,1204
24,1212
25,25
25,46
25,58
25,59
25,60
25,61
25,62
25,63
25,64
25,65
25,66
25,67
25,68
25,69
25,70
25,71
25,73
25,75
25,76
25,77
25,81
25,82
25,108
25,111
25,112
25,130
25,135
25,138
25,144
25,145
25,293
25,294
25,296
25,300
25,304
25,306
25,308
25,311
25,312
25,313
25,314
25,315
25,316
25,317
25,318
25,321
25,322
25,325
25,504
25,507
25,541
25,1098
25,1099
25,1101
25,1103
25,1106
25,1108
25,1110
25,1112
25,1126
25,1148
25,1162
25,1163
25,1164
25,1165
25,1167
25,1168
25,1169
25,1170
25,1172
25,1173
25,1174
25,1175
25,1196
25,1203
25,1204
25,1212
26,26
26,48
26,49
26,52
26,53
26,54
26,56
26,72
26,73
26,74
26,75
26,76
26,77
26,78
26,79
26,80
26,81
26,82
26,83
26,84
26,86
26,87
26,102
26,111
26,112
26,113
26,114
26,117
26,121
26,127
26,131
26,132
26,134
26,139
26,141
26,142
26,145
26,146
26,147
26,149
26,152
26,292
26,293
26,294
26,301
26,302
26,308
26,309
26,314
26,315
26,316
26,317
26,318
26,320
26,321
26,322
26,324
26,325
26,326
26,327
26,504
26,507
26,514
26,541
26,1098
26,1099
26,1101
26,1103
26,1104
26,1105
26,1107
26,1108
26,1109
26,1112
26,1115
26,1116
26,1117
26,1118
26,1121
26,1142
26,1148
26,1149
26,1157
26,1162
26,1163
26,1164
26,1165
26,1167
26,1168
26,1169
26,1170
26,1171
26,1172
26,1173
26,1174
26,1175
26,1176
26,1181
26,1183
26,1187
26,1194
26,1195
26,1198
26,1203
26,1210
27,27
27,47
27,48
27,49
27,50
27,52
27,53
27,54
27,55
27,72
27,73
27,74
27,75
27,76
27,77
27,78
27,79
27,80
27,83
27,85
27,86
27,87
27,102
27,105
27,112
27,113
27,117
27,121
27,127
27,131
27,139
27,142
27,146
27,147
27,148
27,149
27,293
27,294
27,301
27,308
27,318
27,320
27,321
27,322
27,325
27,326
27,327
27,504
27,507
27,541
27,1098
27,1099
27,1103
27,1104
27,1105
27,1108
27,1109
27,1112
27,1118
27,1121
27,1142
27,1143
27,1147
27,1149
27,1156
27,1157
27,1167
27,1168
27,1169
27,1170
27,1172
27,1173
27,1174
27,1175
27,1176
27,1181
27,1183
27,1187
27,1194
27,1195
27,1198
27,1203
27,1204
28,28
28,48
28,49
28,50
28,51
28,52
28,53
28,55
28,72
28,73
28,74
28,75
28,76
28,77
28,78
28,79
28,80
28,82
28,83
28,85
28,86
28,87
28,102
28,105
28,111
28,112
28,117
28,121
28,127
28,131
28,136
28,139
28,142
28,147
28,149
28,293
28,294
28,301
28,308
28,311
28,312
28,313
28,314
28,315
28,316
28,317
28,318
28,320
28,321
28,322
28,325
28,326
28,327
28,504
28,507
28,541
28,1098
28,1099
28,1103
28,1104
28,1105
28,1108
28,1109
28,1112
28,1117
28,1118
28,1121
28,1142
28,1143
28,1147
28,1149
28,1156
28,1157
28,1162
28,1165
28,1166
28,1167
28,1168
28,1169
28,1170
28,1171
28,1172
28,1173
28,1174
28,1175
28,1176
28,1181
28,1187
28,1194
28,1195
28,1198
28,1203
28,1204
29,29
29,46
29,57
29,58
29,59
29,60
29,61
29,72
29,73
29,74
29,75
29,76
29,77
29,78
29,79
29,80
29,81
29,82
29,83
29,84
29,85
29,86
29,87
29,108
29,120
29,123
29,125
29,126
29,128
29,130
29,133
29,135
29,138
29,141
29,152
29,293
29,294
29,295
29,296
29,298
29,300
29,302
29,303
29,304
29,307
29,308
29,309
29,310
29,311
29,314
29,315
29,316
29,317
29,318
29,320
29,321
29,322
29,325
29,504
29,507
29,541
29,1098
29,1099
29,1101
29,1103
29,1106
29,1110
29,1112
29,1126
29,1148
29,1162
29,1163
29,1164
29,1165
29,1172
29,1173
29,1174
29,1175
29,1196
29,1203
29,1204
29,1212
30,30
30,47
30,48
30,49
30,50
30,51
30,52
30,53
30,54
30,55
30,56
30,73
30,74
30,75
30,76
30,77
30,78
30,80
30,83
30,84
30,85
30,86
30,87
30,102
30,105
30,113
30,117
30,121
30,127
30,128
30,131
30,132
30,134
30,136
30,139
30,141
30,142
30,146
30,147
30,148
30,149
30,150
30,152
30,293
30,294
30,299
30,301
30,302
30,303
30,308
30,309
30,311
30,312
30,313
30,314
30,315
30,316
30,317
30,318
30,325
30,504
30,507
30,524
30,1098
30,1103
30,1104
30,1105
30,1108
30,1109
30,1112
30,1117
30,1118
30,1142
30,1143
30,1147
30,1149
30,1156
30,1157
30,1167
30,1168
30,1169
30,1170
30,1171
30,1181
30,1183
30,1187
30,1194
30,1195
30,1198
30,1203
30,1204
30,1210
31,31
31,47
31,48
31,49
31,50
31,51
31,52
31,53
31,54
31,55
31,56
31,72
31,73
31,75
31,76
31,77
31,81
31,82
31,83
31,84
31,85
31,86
31,87
31,102
31,115
31,117
31,128
31,131
31,132
31,134
31,141
31,146
31,149
31,150
31,152
31,292
31,293
31,294
31,299
31,301
31,302
31,303
31,308
31,309
31,314
31,315
31,316
31,317
31,318
31,320
31,321
31,322
31,324
31,325
31,326
31,327
31,504
31,507
31,514
31,541
31,1101
31,1104
31,1107
31,1109
31,1115
31,1116
31,1121
31,1142
31,1143
31,1147
31,1148
31,1156
31,1162
31,1163
31,1164
31,1165
31,1166
31,1172
31,1173
31,1174
31,1175
31,1176
31,1181
31,1183
31,1187
31,1194
31,1195
31,1198
31,1204
31,1210
32,32
32,47
32,48
32,49
32,50
32,51
32,52
32,53
32,54
32,55
32,56
32,72
32,73
32,75
32,76
32,77
32,78
32,80
32,81
32,82
32,83
32,84
32,86
32,87
32,102
32,111
32,113
32,114
32,115
32,117
32,121
32,128
32,131
32,132
32,134
32,139
32,141
32,142
32,145
32,146
32,147
32,148
32,149
32,150
32,152
32,292
32,293
32,294
32,299
32,301
32,302
32,303
32,308
32,309
32,311
32,312
32,313
32,314
32,315
32,316
32,317
32,318
32,320
32,321
32,322
32,324
32,325
32,326
32,327
32,504
32,507
32,514
32,524
32,541
32,1098
32,1099
32,1101
32,1103
32,1104
32,1105
32,1107
32,1109
32,1112
32,1115
32,1116
32,1117
32,1118
32,1121
32,1142
32,1148
32,1149
32,1157
32,1162
32,1163
32,1164
32,1165
32,1167
32,1168
32,1169
32,1170
32,1171
32,1172
32,1175
32,1176
32,1181
32,1183
32,1187
32,1194
32,1195
32,1198
32,1210
33,33
33,47
33,48
33,49
33,50
33,52
33,53
33,55
33,56
33,72
33,73
33,75
33,76
33,77
33,78
33,79
33,80
33,81
33,82
33,83
33,84
33,85
33,86
33,87
33,112
33,115
33,117
33,121
33,127
33,131
33,132
33,134
33,141
33,146
33,147
33,148
33,149
33,150
33,152
33,292
33,293
33,294
33,299
33,301
33,302
33,308
33,309
33,311
33,312
33,313
33,314
33,318
33,320
33,321
33,322
33,325
33,504
33,507
33,524
33,541
33,1101
33,1103
33,1105
33,1107
33,1108
33,1109
33,1112
33,1118
33,1121
33,1142
33,1149
33,1157
33,1167
33,1168
33,1169
33,1170
33,1172
33,1173
33,1174
33,1175
33,1176
33,1181
33,1187
33,1194
33,1195
33,1198
33,1203
34,34
34,47
34,48
34,49
34,50
34,51
34,52
34,53
34,54
34,55
34,56
34,72
34,73
34,75
34,76
34,77
34,78
34,79
34,80
34,81
34,83
34,84
34,85
34,86
34,87
34,102
34,105
34,115
34,117
34,121
34,127
34,128
34,131
34,132
34,134
34,136
34,139
34,141
34,142
34,147
34,148
34,149
34,152
34,292
34,293
34,294
34,299
34,301
34,302
34,303
34,308
34,309
34,311
34,312
34,313
34,314
34,315
34,316
34,317
34,318
34,325
34,504
34,507
34,524
34,541
34,1103
34,1104
34,1105
34,1108
34,1109
34,1112
34,1117
34,1118
34,1142
34,1143
34,1147
34,1149
34,1156
34,1157
34,1167
34,1168
34,1169
34,1170
34,1171
34,1181
34,1187
34,1194
34,1195
34,1198
34,1203
34,1204
34,1210
35,35
35,47
35,48
35,49
35,50
35,51
35,52
35,53
35,54
35,55
35,56
35,72
35,74
35,75
35,76
35,78
35,79
35,80
35,81
35,82
35,83
35,84
35,85
35,86
35,87
35,102
35,105
35,111
35,113
35,114
35,117
35,121
35,127
35,131
35,132
35,134
35,136
35,139
35,141
35,142
35,145
35,146
35,147
35,149
35,152
35,292
35,293
35,294
35,301
35,302
35,308
35,309
35,314
35,315
35,316
35,317
35,318
35,320
35,321
35,322
35,324
35,325
35,326
35,327
35,504
35,507
35,514
35,541
35,1098
35,1099
35,1101
35,1103
35,1104
35,1105
35,1107
35,1108
35,1109
35,1112
35,1115
35,1116
35,1117
35,1118
35,1121
35,1142
35,1143
35,1147
35,1148
35,1149
35,1156
35,1157
35,1162
35,1163
35,1164
35,1165
35,1167
35,1168
35,1169
35,1170
35,1171
35,1172
35,1175
35,1176
35,1181
35,1183
35,1187
35,1194
35,1195
35,1198
35,1203
35,1204
35,1210
36,36
36,46
36,57
36,59
36,60
36,61
36,62
36,63
36,64
36,65
36,66
36,67
36,68
36,69
36,70
36,71
36,72
36,74
36,78
36,79
36,80
36,83
36,84
36,85
36,86
36,87
36,108
36,121
36,126
36,127
36,130
36,135
36,138
36,144
36,147
36,293
36,294
36,296
36,300
36,304
36,306
36,308
36,311
36,312
36,313
36,314
36,320
36,321
36,322
36,325
36,504
36,507
36,541
36,1098
36,1101
36,1103
36,1105
36,1108
36,1110
36,1112
36,1113
36,1116
36,1118
36,1126
36,1147
36,1148
36,1162
36,1163
36,1164
36,1165
36,1172
36,1173
36,1174
36,1175
36,1196
36,1203
36,1204
36,1212
37,37
37,46
37,59
37,60
37,61
37,62
37,63
37,64
37,65
37,66
37,68
37,70
37,71
37,72
37,73
37,75
37,76
37,77
37,78
37,79
37,80
37,81
37,82
37,83
37,86
37,87
37,111
37,112
37,120
37,125
37,126
37,128
37,130
37,133
37,135
37,138
37,141
37,144
37,152
37,293
37,294
37,295
37,298
37,302
37,303
37,306
37,308
37,309
37,311
37,312
37,313
37,314
37,316
37,317
37,318
37,320
37,321
37,322
37,325
37,504
37,507
37,541
37,1098
37,1099
37,1101
37,1103
37,1105
37,1108
37,1110
37,1112
37,1113
37,1162
37,1163
37,1164
37,1165
37,1167
37,1168
37,1169
37,1170
37,1172
37,1173
37,1174
37,1175
37,1196
37,1203
38,38
38,46
38,57
38,59
38,60
38,61
38,62
38,63
38,64
38,65
38,66
38,67
38,68
38,69
38,70
38,71
38,73
38,75
38,76
38,77
38,79
38,80
38,81
38,82
38,84
38,85
38,86
38,87
38,108
38,111
38,112
38,125
38,126
38,127
38,130
38,133
38,135
38,138
38,141
38,145
38,147
38,152
38,293
38,294
38,295
38,296
38,300
38,302
38,304
38,307
38,308
38,309
38,310
38,311
38,314
38,315
38,316
38,317
38,318
38,320
38,321
38,322
38,325
38,504
38,507
38,541
38,1098
38,1101
38,1103
38,1105
38,1108
38,1110
38,1112
38,1113
38,1116
38,1126
38,1147
38,1148
38,1162
38,1165
38,1167
38,1168
38,1169
38,1170
38,1172
38,1173
38,1174
38,1175
38,1196
38,1203
38,1204
38,1212
39,39
39,46
39,58
39,59
39,60
39,61
39,62
39,63
39,64
39,65
39,66
39,68
39,69
39,70
39,72
39,73
39,74
39,75
39,76
39,77
39,78
39,79
39,80
39,83
39,84
39,85
39,86
39,87
39,108
39,120
39,121
39,125
39,126
39,127
39,128
39,130
39,133
39,135
39,138
39,141
39,144
39,147
39,152
39,293
39,294
39,295
39,298
39,302
39,303
39,306
39,308
39,309
39,311
39,312
39,313
39,314
39,316
39,317
39,318
39,325
39,504
39,507
39,1099
39,1103
39,1105
39,1106
39,1108
39,1112
39,1113
39,1116
39,1118
39,1148
39,1167
39,1168
39,1169
39,1170
39,1196
39,1203
39,1204
39,1212
40,40
40,41
40,42
40,43
40,44
40,45
40,46
40,47
40,48
40,49
40,50
40,51
40,52
40,53
40,54
40,55
40,56
40,57
40,58
40,59
40,60
40,61
40,62
40,63
40,64
40,65
40,66
40,67
40,68
40,69
40,70
40,71
40,72
40,73
40,74
40,75
40,76
40,77
40,78
40,79
40,80
40,81
40,82
40,83
40,84
40,85
40,86
40,87
40,102
40,103
40,104
40,105
40,106
40,107
40,108
40,109
40,110
40,111
40,112
40,113
40,114
40,115
40,116
40,117
40,118
40,119
40,120
40,121
40,122
40,123
40,124
40,125
40,126
40,127
40,128
40,129
40,130
40,131
40,132
40,133
40,134
40,135
40,136
40,137
40,138
40,139
40,140
40,141
40,142
40,143
40,144
40,145
40,146
40,147
40,148
40,149
40,150
40,151
40,152
40,292
40,293
40,294
40,295
40,296
40,297
40,298
40,299
40,300
40,301
40,302
40,303
40,304
40,305
40,306
40,307
40,308
40,309
40,310
40,311
40,312
40,313
40,314
40,315
40,316
40,317
40,318
40,319
40,320
40,321
40,322
40,323
40,324
40,325
40,326
40,327
40,328
40,504
40,507
40,514
40,518
40,524
40,532
40,541
40,546
40,1098
40,1099
40,1101
40,1103
40,1104
40,1105
40,1106
40,1107
40,1108
40,1109
40,1110
40,1112
40,1113
40,1115
40,1116
40,1117
40,1118
40,1121
40,1123
40,1126
40,1131
40,1142
40,1143
40,1147
40,1148
40,1149
40,1154
40,1156
40,1157
40,1162
40,1163
40,1164
40,1165
40,1166
40,1167
40,1168
40,1169
40,1170
40,1171
40,1172
40,1173
40,1174
40,1175
40,1176
40,1181
40,1182
40,1183
40,1187
40,1194
40,1195
40,1196
40,1197
40,1198
40,1199
40,1200
40,1201
40,1203
40,1204
40,1210
40,1212
40,1213
40,1214
41,88
41,103
41,104
41,105
41,106
41,107
41,108
41,109
41,110
41,111
41,112
41,113
41,114
41,116
41,118
41,119
41,120
41,122
41,124
41,125
41,129
41,133
41,136
41,137
41,139
41,140
41,142
41,143
41,144
41,145
41,292
41,299
41,302
41,303
41,309
41,313
41,322
41,323
41,324
41,326
41,328
41,532
41,1100
41,1102
41,1104
41,1105
41,1109
41,1116
41,1118
41,1120
41,1142
41,1143
41,1147
41,1148
41,1149
41,1157
41,1162
41,1163
41,1164
41,1165
41,1167
41,1168
41,1169
41,1170
41,1171
41,1172
41,1174
41,1175
41,1176
41,1181
41,1183
41,1187
41,1193
41,1194
41,1195
41,1201
41,1204
41,1209
42,89
42,103
42,104
42,105
42,107
42,108
42,109
42,110
42,112
42,113
42,114
42,116
42,117
42,119
42,120
42,121
42,122
42,124
42,125
42,126
42,127
42,130
42,131
42,132
42,133
42,134
42,135
42,136
42,137
42,138
42,139
42,140
42,142
42,143
42,145
42,146
42,147
42,149
42,150
42,292
42,299
42,302
42,303
42,309
42,317
42,319
42,324
42,326
42,328
42,1103
42,1104
42,1105
42,1109
42,1112
42,1115
42,1116
42,1118
42,1142
42,1143
42,1147
42,1148
42,1149
42,1155
42,1162
42,1163
42,1164
42,1165
42,1166
42,1167
42,1169
42,1170
42,1171
42,1172
42,1173
42,1174
42,1175
42,1181
42,1183
42,1187
42,1189
42,1193
42,1194
42,1195
42,1203
42,1204
42,1209
43,90
43,105
43,107
43,108
43,109
43,110
43,112
43,113
43,114
43,115
43,116
43,117
43,118
43,119
43,120
43,121
43,122
43,123
43,124
43,125
43,126
43,129
43,130
43,131
43,132
43,133
43,135
43,136
43,137
43,138
43,139
43,140
43,142
43,143
43,146
43,147
43,148
43,149
43,150
43,151
43,292
43,302
43,303
43,309
43,317
43,319
43,326
43,328
43,1103
43,1104
43,1109
43,1112
43,1115
43,1116
43,1142
43,1143
43,1147
43,1148
43,1149
43,1155
43,1157
43,1162
43,1163
43,1164
43,1165
43,1166
43,1167
43,1168
43,1169
43,1170
43,1171
43,1181
43,1183
43,1184
43,1187
43,1189
43,1193
43,1194
43,1195
43,1204
43,1209
44,91
44,102
44,105
44,113
44,114
44,115
44,116
44,117
44,118
44,120
44,121
44,122
44,123
44,124
44,125
44,126
44,127
44,130
44,131
44,132
44,133
44,134
44,135
44,136
44,137
44,138
44,139
44,142
44,144
44,146
44,147
44,148
44,149
44,150
44,151
44,292
44,302
44,303
44,309
44,313
44,322
44,323
44,324
44,326
44,328
44,532
44,1100
44,1102
44,1103
44,1104
44,1105
44,1109
44,1111
44,1112
44,1115
44,1116
44,1118
44,1120
44,1142
44,1143
44,1148
44,1149
44,1155
44,1157
44,1162
44,1163
44,1164
44,1165
44,1166
44,1172
44,1173
44,1174
44,1175
44,1176
44,1181
44,1183
44,1184
44,1187
44,1189
44,1194
44,1195
44,1201
44,1203
44,1209
45,92
45,102
45,104
45,106
45,107
45,110
45,111
45,112
45,113
45,114
45,116
45,117
45,119
45,120
45,121
45,122
45,123
45,124
45,125
45,126
45,127
45,128
45,130
45,131
45,132
45,133
45,135
45,137
45,138
45,139
45,140
45,141
45,142
45,144
45,145
45,147
45,148
45,150
45,151
45,152
45,292
45,299
45,302
45,303
45,309
45,312
45,313
45,316
45,317
45,319
45,321
45,322
45,323
45,326
45,328
45,1100
45,1102
45,1103
45,1104
45,1105
45,1109
45,1111
45,1112
45,1116
45,1118
45,1120
45,1142
45,1143
45,1148
45,1149
45,1155
45,1157
45,1162
45,1163
45,1164
45,1165
45,1167
45,1168
45,1169
45,1170
45,1171
45,1172
45,1174
45,1175
45,1176
45,1181
45,1183
45,1184
45,1187
45,1189
45,1194
45,1195
45,1201
45,1203
45,1209
46,93
46,102
46,105
46,107
46,108
46,109
46,110
46,113
46,115
46,116
46,117
46,118
46,119
46,120
46,121
46,122
46,123
46,124
46,125
46,127
46,128
46,129
46,131
46,132
46,133
46,134
46,135
46,136
46,137
46,138
46,139
46,140
46,141
46,142
46,143
46,144
46,146
46,147
46,148
46,149
46,150
46,151
46,152
46,299
46,302
46,303
46,309
46,313
46,316
46,317
46,319
46,324
46,532
46,1103
46,1104
46,1105
46,1109
46,1112
46,1115
46,1118
46,1142
46,1143
46,1147
46,1149
46,1155
46,1157
46,1167
46,1168
46,1169
46,1170
46,1171
46,1181
46,1183
46,1184
46,1187
46,1189
46,1193
46,1194
46,1195
46,1201
46,1203
46,1204
46,1209
47,94
47,102
47,103
47,104
47,105
47,106
47,107
47,108
47,109
47,110
47,112
47,115
47,116
47,117
47,118
47,119
47,120
47,124
47,125
47,126
47,128
47,129
47,131
47,132
47,133
47,136
47,137
47,139
47,140
47,141
47,142
47,143
47,144
47,146
47,149
47,150
47,151
47,292
47,302
47,303
47,309
47,313
47,316
47,317
47,319
47,321
47,322
47,324
47,532
47,1100
47,1102
47,1109
47,1115
47,1116
47,1142
47,1148
47,1149
47,1155
47,1157
47,1162
47,1163
47,1164
47,1165
47,1166
47,1167
47,1168
47,1169
47,1170
47,1171
47,1181
47,1183
47,1187
47,1194
47,1195
47,1209
48,95
48,102
48,103
48,105
48,106
48,107
48,108
48,109
48,110
48,115
48,116
48,117
48,118
48,119
48,120
48,121
48,122
48,124
48,125
48,126
48,127
48,128
48,130
48,131
48,132
48,133
48,134
48,135
48,136
48,137
48,138
48,139
48,140
48,141
48,142
48,143
48,144
48,146
48,147
48,148
48,149
48,150
48,152
48,299
48,302
48,303
48,309
48,313
48,316
48,317
48,319
48,321
48,322
48,324
48,532
48,1103
48,1104
48,1105
48,1109
48,1112
48,1118
48,1142
48,1143
48,1147
48,1149
48,1155
48,1167
48,1168
48,1169
48,1170
48,1171
48,1181
48,1187
48,1189
48,1193
48,1194
48,1195
48,1201
48,1203
48,1204
48,1209
49,96
49,102
49,103
49,104
49,106
49,107
49,108
49,109
49,110
49,115
49,116
49,117
49,119
49,120
49,122
49,124
49,125
49,126
49,128
49,129
49,131
49,132
49,133
49,134
49,137
49,140
49,141
49,143
49,144
49,146
49,148
49,149
49,150
49,151
49,152
49,292
49,299
49,302
49,303
49,309
49,312
49,313
49,316
49,317
49,319
49,321
49,322
49,323
49,326
49,328
49,1100
49,1102
49,1104
49,1109
49,1115
49,1116
49,1120
49,1142
49,1143
49,1147
49,1148
49,1162
49,1163
49,1164
49,1165
49,1166
49,1172
49,1173
49,1174
49,1175
49,1176
49,1181
49,1183
49,1187
49,1193
49,1194
49,1195
49,1201
49,1204
49,1209
50,97
50,98
50,99
50,100
50,101
50,102
50,103
50,104
50,105
50,106
50,107
50,108
50,109
50,110
50,111
50,112
50,113
50,114
50,115
50,116
50,117
50,118
50,119
50,120
50,121
50,122
50,123
50,124
50,125
50,126
50,127
50,128
50,129
50,130
50,131
50,132
50,133
50,134
50,135
50,136
50,137
50,138
50,139
50,140
50,141
50,142
50,143
50,144
50,145
50,146
50,147
50,148
50,149
50,150
50,151
50,152
50,292
50,293
50,294
50,295
50,296
50,297
50,298
50,299
50,300
50,301
50,302
50,303
50,304
50,305
50,306
50,307
50,308
50,309
50,310
50,311
50,312
50,313
50,314
50,315
50,316
50,317
50,318
50,319
50,320
50,321
50,322
50,323
50,324
50,325
50,326
50,327
50,328
50,504
50,507
50,514
50,518
50,524
50,532
50,541
50,546
50,1098
50,1099
50,1100
50,1101
50,1102
50,1103
50,1104
50,1105
50,1106
50,1107
50,1108
50,1109
50,1110
50,1111
50,1112
50,1113
50,1115
50,1116
50,1117
50,1118
50,1120
50,1121
50,1123
50,1126
50,1131
50,1142
50,1143
50,1147
50,1148
50,1149
50,1154
50,1155
50,1156
50,1157
50,1162
50,1163
50,1164
50,1165
50,1166
50,1167
50,1168
50,1169
50,1170
50,1171
50,1172
50,1173
50,1174
50,1175
50,1176
50,1181
50,1182
50,1183
50,1184
50,1187
50,1189
50,1193
50,1194
50,1195
50,1196
50,1197
50,1198
50,1199
50,1200
50,1201
50,1203
50,1204
50,1209
50,1210
50,1211
50,1212
50,1213
50,1214
51,153
51,251
51,256
51,259
51,260
51,263
51,264
51,265
51,266
51,267
51,270
51,273
51,275
51,278
51,281
51,282
51,283
51,287
51,288
51,290
51,291
51,292
51,293
51,294
51,295
51,296
51,299
51,302
51,303
51,304
51,306
51,308
51,309
51,311
51,312
51,313
51,314
51,320
51,321
51,322
51,324
51,325
51,326
51,485
51,486
51,487
51,488
51,489
51,491
51,495
51,498
51,501
51,503
51,504
51,507
51,508
51,519
51,525
51,528
51,529
51,535
51,539
51,540
51,541
51,543
51,1162
51,1163
51,1164
51,1165
51,1166
51,1167
51,1168
51,1169
51,1170
51,1171
51,1172
51,1173
51,1174
51,1175
51,1176
51,1198
51,1213
52,154
52,250
52,251
52,256
52,258
52,259
52,260
52,263
52,264
52,265
52,266
52,267
52,268
52,269
52,270
52,271
52,273
52,274
52,275
52,276
52,277
52,278
52,279
52,283
52,284
52,287
52,288
52,289
52,290
52,291
52,292
52,293
52,294
52,295
52,296
52,299
52,302
52,303
52,306
52,308
52,309
52,311
52,312
52,313
52,314
52,316
52,317
52,318
52,324
52,325
52,485
52,486
52,487
52,488
52,489
52,491
52,495
52,498
52,501
52,502
52,504
52,507
52,508
52,519
52,525
52,528
52,531
52,539
52,540
52,1163
52,1164
52,1166
52,1167
52,1168
52,1169
52,1170
52,1171
52,1172
52,1173
52,1174
52,1175
52,1176
52,1213
53,155
53,250
53,251
53,255
53,256
53,257
53,258
53,259
53,260
53,263
53,264
53,265
53,266
53,268
53,269
53,270
53,271
53,273
53,274
53,275
53,276
53,278
53,279
53,280
53,283
53,284
53,286
53,287
53,288
53,290
53,291
53,292
53,293
53,294
53,296
53,299
53,302
53,303
53,306
53,308
53,309
53,311
53,312
53,313
53,314
53,315
53,316
53,317
53,318
53,320
53,324
53,325
53,486
53,487
53,488
53,491
53,495
53,502
53,504
53,507
53,508
53,519
53,525
53,528
53,531
53,539
53,540
53,541
53,543
53,1163
53,1164
53,1166
53,1167
53,1170
53,1171
53,1213
54,156
54,249
54,250
54,251
54,255
54,256
54,257
54,258
54,259
54,260
54,261
54,263
54,264
54,266
54,268
54,269
54,270
54,271
54,274
54,275
54,276
54,277
54,278
54,279
54,280
54,281
54,284
54,286
54,289
54,290
54,291
54,292
54,293
54,294
54,295
54,296
54,299
54,302
54,303
54,304
54,308
54,309
54,311
54,314
54,315
54,316
54,317
54,318
54,320
54,321
54,322
54,324
54,325
54,326
54,485
54,486
54,487
54,488
54,491
54,501
54,502
54,504
54,507
54,508
54,519
54,528
54,529
54,535
54,539
54,540
54,541
54,543
54,1163
54,1164
54,1166
54,1173
54,1174
54,1176
54,1198
54,1213
55,157
55,251
55,252
55,253
55,256
55,257
55,258
55,259
55,260
55,262
55,263
55,264
55,265
55,266
55,267
55,269
55,270
55,271
55,273
55,274
55,275
55,276
55,277
55,279
55,281
55,285
55,287
55,288
55,290
55,291
55,293
55,294
55,295
55,296
55,299
55,302
55,303
55,304
55,306
55,308
55,309
55,315
55,316
55,317
55,318
55,324
55,325
55,326
55,485
55,487
55,488
55,489
55,490
55,491
55,495
55,498
55,501
55,503
55,504
55,506
55,507
55,508
55,519
55,525
55,528
55,530
55,531
55,535
55,543
55,1163
55,1164
55,1166
55,1167
55,1168
55,1169
55,1170
55,1171
55,1172
55,1173
55,1174
55,1175
55,1176
55,1213
56,158
56,249
56,250
56,252
56,253
56,254
56,256
56,257
56,259
56,260
56,261
56,262
56,263
56,265
56,266
56,267
56,268
56,269
56,270
56,272
56,274
56,275
56,276
56,279
56,280
56,281
56,282
56,284
56,285
56,286
56,287
56,288
56,289
56,290
56,291
56,292
56,293
56,294
56,295
56,296
56,302
56,304
56,308
56,309
56,311
56,314
56,315
56,316
56,317
56,318
56,320
56,321
56,322
56,324
56,325
56,326
56,485
56,486
56,487
56,488
56,489
56,490
56,491
56,498
56,502
56,503
56,504
56,506
56,507
56,508
56,519
56,525
56,527
56,528
56,529
56,530
56,531
56,539
56,540
56,541
56,1162
56,1163
56,1164
56,1165
56,1166
56,1167
56,1168
56,1169
56,1170
56,1171
56,1172
56,1173
56,1174
56,1175
56,1176
56,1198
56,1213
57,159
57,249
57,251
57,252
57,253
57,255
57,256
57,257
57,258
57,259
57,260
57,262
57,263
57,264
57,266
57,268
57,269
57,270
57,271
57,273
57,274
57,275
57,276
57,277
57,279
57,280
57,281
57,283
57,284
57,285
57,286
57,287
57,288
57,289
57,290
57,291
57,292
57,293
57,294
57,295
57,299
57,302
57,303
57,306
57,308
57,309
57,311
57,312
57,313
57,314
57,315
57,316
57,317
57,318
57,320
57,325
57,485
57,486
57,490
57,491
57,495
57,498
57,501
57,502
57,504
57,506
57,507
57,508
57,519
57,525
57,528
57,530
57,531
57,535
57,541
57,543
57,1168
57,1169
57,1171
57,1198
57,1213
58,160
58,249
58,250
58,251
58,252
58,253
58,255
58,256
58,257
58,258
58,259
58,260
58,262
58,263
58,265
58,266
58,269
58,270
58,271
58,272
58,273
58,274
58,275
58,276
58,278
58,279
58,281
58,283
58,285
58,287
58,288
58,290
58,291
58,293
58,294
58,296
58,299
58,302
58,303
58,304
58,308
58,309
58,315
58,316
58,317
58,318
58,325
58,326
58,485
58,487
58,488
58,489
58,491
58,495
58,501
58,503
58,504
58,506
58,507
58,508
58,519
58,525
58,527
58,528
58,530
58,531
58,535
58,543
58,1163
58,1164
58,1166
58,1167
58,1170
58,1171
58,1213
59,161
59,249
59,250
59,251
59,252
59,253
59,255
59,256
59,258
59,259
59,260
59,262
59,263
59,266
59,268
59,269
59,270
59,271
59,272
59,273
59,274
59,275
59,276
59,277
59,278
59,279
59,281
59,283
59,284
59,286
59,287
59,288
59,289
59,290
59,291
59,293
59,294
59,295
59,299
59,302
59,303
59,306
59,308
59,309
59,311
59,312
59,313
59,314
59,316
59,317
59,318
59,325
59,485
59,486
59,487
59,490
59,491
59,495
59,498
59,501
59,502
59,503
59,504
59,506
59,507
59,508
59,519
59,525
59,527
59,528
59,530
59,531
59,535
59,543
59,1168
59,1169
59,1171
59,1198
59,1213
60,162
60,249
60,250
60,252
60,253
60,254
60,255
60,256
60,257
60,258
60,259
60,260
60,262
60,266
60,269
60,270
60,271
60,272
60,273
60,274
60,276
60,277
60,279
60,281
60,283
60,285
60,286
60,287
60,288
60,293
60,294
60,296
60,304
60,306
60,308
60,311
60,312
60,313
60,314
60,320
60,321
60,322
60,325
60,326
60,485
60,486
60,487
60,488
60,489
60,490
60,491
60,495
60,498
60,503
60,504
60,506
60,507
60,508
60,519
60,525
60,527
60,528
60,529
60,530
60,531
60,539
60,540
60,541
60,1163
60,1164
60,1166
60,1173
60,1174
60,1176
60,1198
60,1213
61,163
61,250
61,252
61,253
61,256
61,257
61,259
61,260
61,262
61,263
61,264
61,265
61,266
61,267
61,268
61,270
61,275
61,278
61,282
61,284
61,285
61,287
61,288
61,289
61,290
61,291
61,293
61,294
61,295
61,296
61,299
61,302
61,304
61,306
61,308
61,309
61,315
61,318
61,320
61,321
61,322
61,324
61,325
61,326
61,485
61,487
61,488
61,489
61,490
61,491
61,495
61,498
61,501
61,502
61,504
61,506
61,507
61,508
61,519
61,525
61,528
61,529
61,530
61,539
61,540
61,541
61,1162
61,1163
61,1164
61,1165
61,1166
61,1167
61,1168
61,1169
61,1170
61,1171
61,1172
61,1173
61,1174
61,1175
61,1176
62,164
62,249
62,250
62,252
62,253
62,254
62,255
62,256
62,257
62,258
62,259
62,260
62,261
62,262
62,263
62,266
62,267
62,269
62,270
62,271
62,272
62,273
62,274
62,275
62,276
62,277
62,279
62,280
62,281
62,282
62,284
62,285
62,286
62,287
62,288
62,290
62,291
62,292
62,293
62,294
62,295
62,296
62,302
62,304
62,308
62,309
62,311
62,314
62,315
62,316
62,317
62,318
62,321
62,322
62,324
62,325
62,326
62,485
62,486
62,487
62,488
62,489
62,490
62,491
62,495
62,498
62,501
62,502
62,503
62,504
62,506
62,507
62,508
62,519
62,525
62,527
62,528
62,529
62,530
62,531
62,535
62,539
62,540
62,541
62,543
62,1162
62,1163
62,1164
62,1165
62,1166
62,1168
62,1169
62,1171
62,1172
62,1175
62,1176
62,1198
62,1213
63,165
63,250
63,252
63,253
63,255
63,256
63,257
63,259
63,260
63,261
63,262
63,263
63,264
63,265
63,266
63,268
63,269
63,270
63,271
63,274
63,275
63,276
63,277
63,278
63,279
63,280
63,283
63,284
63,285
63,286
63,289
63,290
63,291
63,292
63,293
63,294
63,295
63,299
63,302
63,306
63,308
63,309
63,311
63,312
63,313
63,314
63,315
63,318
63,320
63,321
63,322
63,325
63,486
63,490
63,491
63,498
63,502
63,504
63,506
63,507
63,508
63,519
63,525
63,528
63,529
63,530
63,539
63,540
63,541
63,543
63,1167
63,1168
63,1169
63,1170
63,1171
63,1173
63,1174
63,1176
63,1198
64,166
64,249
64,250
64,251
64,252
64,254
64,255
64,256
64,257
64,258
64,259
64,260
64,261
64,262
64,263
64,264
64,266
64,267
64,268
64,269
64,270
64,271
64,274
64,275
64,276
64,277
64,278
64,279
64,280
64,281
64,282
64,283
64,284
64,286
64,287
64,288
64,289
64,290
64,291
64,292
64,293
64,294
64,295
64,296
64,299
64,302
64,303
64,304
64,306
64,308
64,309
64,311
64,312
64,313
64,314
64,315
64,316
64,317
64,318
64,321
64,322
64,324
64,325
64,326
64,485
64,486
64,487
64,488
64,489
64,491
64,498
64,502
64,503
64,504
64,506
64,507
64,508
64,519
64,525
64,527
64,528
64,529
64,530
64,531
64,539
64,540
64,541
64,1162
64,1163
64,1164
64,1165
64,1166
64,1168
64,1169
64,1171
64,1172
64,1175
64,1176
64,1198
64,1213
65,167
65,249
65,250
65,251
65,252
65,254
65,256
65,257
65,259
65,260
65,261
65,262
65,263
65,264
65,265
65,266
65,267
65,269
65,270
65,273
65,274
65,275
65,276
65,278
65,279
65,280
65,281
65,282
65,284
65,286
65,287
65,288
65,290
65,291
65,292
65,293
65,294
65,295
65,296
65,299
65,302
65,303
65,304
65,308
65,309
65,311
65,314
65,315
65,316
65,317
65,318
65,321
65,322
65,324
65,325
65,326
65,485
65,486
65,487
65,488
65,489
65,491
65,495
65,498
65,502
65,503
65,504
65,506
65,507
65,508
65,519
65,525
65,527
65,528
65,529
65,530
65,531
65,539
65,540
65,541
65,1162
65,1163
65,1164
65,1165
65,1166
65,1167
65,1168
65,1169
65,1170
65,1171
65,1172
65,1175
65,1176
65,1198
65,1213
66,168
66,249
66,250
66,252
66,253
66,254
66,255
66,256
66,257
66,259
66,260
66,262
66,265
66,266
66,268
66,269
66,270
66,271
66,272
66,274
66,276
66,277
66,279
66,281
66,283
66,284
66,285
66,287
66,288
66,289
66,293
66,294
66,295
66,304
66,308
66,315
66,318
66,320
66,321
66,322
66,325
66,326
66,485
66,487
66,490
66,491
66,495
66,498
66,501
66,502
66,503
66,504
66,506
66,507
66,508
66,519
66,525
66,527
66,528
66,529
66,530
66,535
66,541
66,543
66,1167
66,1168
66,1169
66,1170
66,1171
66,1173
66,1174
66,1176
66,1198
67,169
67,250
67,251
67,252
67,253
67,254
67,256
67,257
67,259
67,260
67,261
67,262
67,263
67,265
67,266
67,267
67,268
67,270
67,272
67,273
67,275
67,278
67,282
67,284
67,285
67,287
67,288
67,290
67,291
67,293
67,294
67,296
67,299
67,302
67,303
67,304
67,308
67,309
67,312
67,313
67,314
67,315
67,316
67,317
67,318
67,320
67,321
67,322
67,325
67,326
67,487
67,488
67,491
67,495
67,502
67,504
67,506
67,507
67,508
67,519
67,525
67,528
67,529
67,530
67,531
67,535
67,539
67,540
67,541
67,1162
67,1163
67,1164
67,1165
67,1166
67,1167
67,1170
67,1171
67,1172
67,1173
67,1174
67,1175
67,1176
68,170
68,250
68,251
68,252
68,253
68,254
68,256
68,258
68,259
68,260
68,261
68,262
68,263
68,265
68,266
68,268
68,269
68,270
68,271
68,272
68,274
68,275
68,276
68,277
68,278
68,279
68,280
68,282
68,283
68,284
68,289
68,290
68,291
68,293
68,294
68,295
68,299
68,302
68,303
68,306
68,308
68,309
68,311
68,312
68,313
68,314
68,316
68,317
68,318
68,320
68,321
68,322
68,325
68,486
68,490
68,491
68,498
68,502
68,504
68,506
68,507
68,508
68,519
68,525
68,528
68,529
68,530
68,531
68,535
68,539
68,540
68,541
68,1162
68,1165
68,1166
68,1167
68,1168
68,1169
68,1170
68,1171
68,1173
68,1174
68,1176
68,1198
69,171
69,252
69,253
69,254
69,256
69,257
69,258
69,259
69,260
69,261
69,262
69,265
69,266
69,268
69,269
69,270
69,271
69,272
69,273
69,274
69,276
69,277
69,279
69,281
69,282
69,284
69,285
69,287
69,288
69,289
69,293
69,294
69,295
69,304
69,308
69,312
69,313
69,314
69,315
69,316
69,317
69,318
69,320
69,321
69,322
69,325
69,326
69,485
69,490
69,491
69,495
69,498
69,501
69,502
69,504
69,506
69,507
69,508
69,519
69,525
69,527
69,528
69,529
69,530
69,531
69,535
69,541
69,543
69,1162
69,1165
69,1166
69,1167
69,1168
69,1169
69,1170
69,1171
69,1173
69,1174
69,1176
69,1198
70,172
70,252
70,253
70,254
70,256
70,259
70,260
70,261
70,262
70,265
70,266
70,267
70,268
70,270
70,272
70,280
70,281
70,282
70,283
70,284
70,285
70,289
70,293
70,294
70,296
70,304
70,306
70,308
70,311
70,312
70,313
70,314
70,315
70,316
70,317
70,318
70,321
70,322
70,325
70,326
70,485
70,486
70,487
70,488
70,490
70,491
70,501
70,502
70,504
70,506
70,507
70,508
70,519
70,527
70,528
70,529
70,530
70,531
70,535
70,539
70,540
70,541
70,543
70,1162
70,1163
70,1164
70,1165
70,1166
70,1167
70,1168
70,1169
70,1170
70,1171
70,1172
70,1175
70,1176
70,1198
70,1213
71,173
71,213
71,224
71,225
71,226
71,251
71,256
71,260
71,263
71,264
71,265
71,267
71,270
71,273
71,275
71,278
71,281
71,282
71,283
71,287
71,288
71,290
71,291
71,300
71,302
71,303
71,307
71,309
71,310
71,312
71,313
71,316
71,317
71,319
71,321
71,322
71,323
71,328
71,482
71,483
71,484
71,485
71,487
71,489
71,496
71,499
71,500
71,503
71,505
71,508
71,509
71,511
71,512
71,516
71,519
71,522
71,523
71,526
71,528
71,532
71,533
71,534
71,536
71,537
71,538
71,1162
71,1163
71,1164
71,1165
71,1166
71,1167
71,1168
71,1169
71,1170
71,1171
71,1172
71,1173
71,1174
71,1175
71,1176
71,1201
71,1211
72,174
72,244
72,245
72,246
72,247
72,248
72,249
72,255
72,258
72,261
72,265
72,267
72,268
72,269
72,273
72,274
72,276
72,277
72,279
72,280
72,282
72,284
72,286
72,287
72,288
72,289
72,293
72,294
72,297
72,300
72,305
72,308
72,311
72,312
72,313
72,314
72,315
72,316
72,317
72,318
72,320
72,321
72,322
72,325
72,483
72,484
72,485
72,487
72,489
72,493
72,496
72,500
72,502
72,503
72,504
72,505
72,507
72,508
72,512
72,517
72,519
72,522
72,528
72,529
72,531
72,533
72,534
72,535
72,536
72,539
72,541
72,544
72,545
72,546
72,1162
72,1163
72,1164
72,1165
72,1167
72,1168
72,1169
72,1170
72,1172
72,1173
72,1174
72,1175
72,1196
72,1210
73,175
73,223
73,225
73,226
73,228
73,229
73,231
73,234
73,239
73,240
73,241
73,250
73,251
73,256
73,260
73,263
73,264
73,265
73,267
73,270
73,273
73,278
73,282
73,288
73,290
73,291
73,300
73,302
73,303
73,307
73,309
73,312
73,313
73,316
73,317
73,319
73,322
73,323
73,328
73,482
73,483
73,484
73,487
73,492
73,496
73,499
73,503
73,505
73,508
73,511
73,512
73,513
73,515
73,516
73,520
73,521
73,522
73,523
73,526
73,528
73,532
73,534
73,536
73,537
73,538
73,548
73,1162
73,1163
73,1164
73,1165
73,1166
73,1167
73,1168
73,1169
73,1170
73,1171
73,1172
73,1173
73,1174
73,1175
73,1176
74,176
74,233
74,234
74,236
74,237
74,238
74,239
74,240
74,241
74,244
74,247
74,248
74,251
74,255
74,258
74,261
74,263
74,265
74,267
74,268
74,269
74,271
74,273
74,274
74,275
74,276
74,277
74,279
74,282
74,284
74,288
74,293
74,294
74,297
74,298
74,300
74,302
74,303
74,308
74,309
74,311
74,312
74,313
74,314
74,315
74,316
74,317
74,318
74,320
74,321
74,322
74,325
74,483
74,484
74,487
74,493
74,496
74,502
74,503
74,504
74,505
74,507
74,508
74,512
74,517
74,522
74,528
74,531
74,534
74,535
74,536
74,539
74,541
74,544
74,545
74,546
74,548
74,1162
74,1163
74,1164
74,1165
74,1167
74,1168
74,1169
74,1170
74,1172
74,1173
74,1174
74,1175
75,177
75,223
75,225
75,226
75,227
75,229
75,230
75,231
75,234
75,240
75,241
75,242
75,250
75,251
75,256
75,260
75,263
75,265
75,267
75,270
75,273
75,275
75,278
75,282
75,287
75,288
75,290
75,291
75,298
75,300
75,302
75,303
75,307
75,309
75,310
75,316
75,317
75,322
75,323
75,328
75,483
75,484
75,485
75,487
75,489
75,492
75,495
75,496
75,503
75,505
75,508
75,511
75,512
75,513
75,515
75,516
75,519
75,520
75,521
75,522
75,525
75,526
75,528
75,533
75,534
75,536
75,537
75,538
75,548
75,1162
75,1163
75,1164
75,1165
75,1166
75,1167
75,1170
75,1171
75,1172
75,1173
75,1174
75,1175
75,1176
76,178
76,233
76,234
76,235
76,236
76,237
76,238
76,240
76,241
76,242
76,244
76,247
76,248
76,258
76,263
76,265
76,267
76,268
76,269
76,271
76,273
76,274
76,275
76,276
76,277
76,279
76,282
76,284
76,287
76,288
76,289
76,293
76,294
76,297
76,298
76,300
76,302
76,305
76,308
76,309
76,310
76,318
76,320
76,321
76,322
76,325
76,483
76,484
76,485
76,487
76,489
76,495
76,496
76,500
76,502
76,503
76,504
76,505
76,507
76,508
76,512
76,517
76,518
76,519
76,521
76,522
76,525
76,528
76,531
76,533
76,534
76,536
76,539
76,541
76,545
76,546
76,548
76,1162
76,1163
76,1164
76,1165
76,1167
76,1168
76,1169
76,1170
76,1172
76,1173
76,1174
76,1175
77,179
77,215
77,216
77,217
77,218
77,219
77,221
77,233
77,236
77,237
77,238
77,244
77,246
77,247
77,248
77,249
77,251
77,255
77,258
77,261
77,263
77,265
77,268
77,269
77,273
77,274
77,275
77,276
77,277
77,280
77,282
77,284
77,287
77,288
77,289
77,293
77,294
77,298
77,302
77,303
77,305
77,308
77,309
77,311
77,312
77,313
77,314
77,315
77,316
77,317
77,318
77,320
77,321
77,322
77,325
77,483
77,484
77,493
77,495
77,496
77,502
77,504
77,505
77,507
77,508
77,510
77,517
77,518
77,519
77,521
77,522
77,525
77,528
77,531
77,534
77,535
77,539
77,541
77,544
77,545
77,548
77,1162
77,1163
77,1164
77,1165
77,1167
77,1168
77,1169
77,1170
77,1173
77,1174
77,1196
78,180
78,215
78,216
78,217
78,218
78,219
78,221
78,234
78,239
78,240
78,241
78,244
78,245
78,247
78,248
78,255
78,258
78,261
78,265
78,268
78,269
78,271
78,273
78,274
78,276
78,277
78,279
78,282
78,284
78,286
78,287
78,288
78,289
78,293
78,294
78,300
78,308
78,311
78,312
78,313
78,314
78,315
78,316
78,317
78,318
78,320
78,321
78,322
78,325
78,483
78,484
78,485
78,489
78,493
78,495
78,496
78,500
78,502
78,504
78,505
78,507
78,508
78,510
78,518
78,519
78,521
78,522
78,525
78,528
78,529
78,531
78,533
78,534
78,535
78,541
78,544
78,545
78,546
78,548
78,1162
78,1163
78,1164
78,1165
78,1167
78,1168
78,1169
78,1170
78,1173
78,1174
78,1196
79,181
79,223
79,224
79,225
79,226
79,228
79,229
79,231
79,233
79,236
79,237
79,238
79,244
79,247
79,248
79,251
79,256
79,260
79,263
79,264
79,265
79,273
79,275
79,278
79,282
79,283
79,287
79,288
79,290
79,291
79,298
79,302
79,303
79,309
79,310
79,312
79,313
79,316
79,317
79,319
79,321
79,322
79,323
79,482
79,483
79,484
79,492
79,495
79,496
79,499
79,505
79,508
79,511
79,513
79,515
79,516
79,519
79,520
79,521
79,522
79,523
79,525
79,526
79,528
79,532
79,534
79,537
79,538
79,548
79,1162
79,1163
79,1164
79,1165
79,1166
79,1167
79,1168
79,1169
79,1170
79,1171
79,1173
79,1174
79,1176
79,1201
80,182
80,213
80,225
80,226
80,233
80,234
80,236
80,237
80,238
80,239
80,240
80,241
80,244
80,247
80,248
80,250
80,251
80,256
80,260
80,263
80,264
80,265
80,270
80,273
80,275
80,278
80,281
80,282
80,287
80,288
80,290
80,291
80,298
80,300
80,302
80,303
80,309
80,312
80,313
80,316
80,317
80,319
80,322
80,323
80,328
80,482
80,483
80,484
80,485
80,489
80,495
80,496
80,499
80,500
80,505
80,508
80,509
80,516
80,519
80,522
80,523
80,525
80,526
80,528
80,532
80,533
80,534
80,537
80,548
80,1162
80,1163
80,1164
80,1165
80,1166
80,1167
80,1168
80,1169
80,1170
80,1171
80,1173
80,1174
80,1176
80,1201
81,183
81,234
81,235
81,236
81,237
81,238
81,239
81,240
81,241
81,242
81,243
81,244
81,245
81,246
81,247
81,248
81,249
81,251
81,263
81,265
81,267
81,274
81,275
81,276
81,277
81,282
81,286
81,293
81,294
81,297
81,298
81,300
81,302
81,303
81,305
81,307
81,308
81,309
81,310
81,311
81,312
81,313
81,314
81,320
81,321
81,322
81,325
81,483
81,484
81,485
81,487
81,489
81,495
81,496
81,500
81,503
81,504
81,505
81,507
81,512
81,517
81,518
81,521
81,522
81,525
81,533
81,534
81,536
81,539
81,541
81,544
81,545
81,546
81,548
81,1162
81,1163
81,1164
81,1165
81,1167
81,1168
81,1169
81,1170
81,1172
81,1173
81,1174
81,1175
81,1196
81,1210
82,184
82,213
82,224
82,225
82,226
82,227
82,228
82,229
82,230
82,231
82,232
82,234
82,239
82,240
82,241
82,242
82,243
82,265
82,267
82,278
82,281
82,282
82,283
82,290
82,291
82,298
82,300
82,302
82,303
82,307
82,309
82,310
82,313
82,322
82,323
82,328
82,483
82,484
82,485
82,487
82,489
82,492
82,495
82,496
82,499
82,500
82,503
82,505
82,511
82,513
82,515
82,516
82,520
82,521
82,522
82,525
82,526
82,532
82,533
82,534
82,536
82,538
82,548
82,1162
82,1165
82,1166
82,1167
82,1168
82,1169
82,1170
82,1171
82,1172
82,1173
82,1174
82,1175
82,1176
82,1201
82,1211
83,185
83,223
83,224
83,225
83,226
83,227
83,229
83,231
83,232
83,233
83,235
83,236
83,237
83,238
83,244
83,245
83,248
83,250
83,251
83,256
83,260
83,263
83,265
83,270
83,273
83,275
83,278
83,281
83,283
83,287
83,288
83,290
83,291
83,298
83,302
83,303
83,309
83,310
83,312
83,313
83,316
83,317
83,321
83,322
83,323
83,483
83,484
83,492
83,495
83,496
83,505
83,508
83,511
83,513
83,515
83,516
83,519
83,520
83,521
83,522
83,525
83,526
83,528
83,532
83,534
83,537
83,538
83,548
83,1167
83,1170
83,1171
83,1173
83,1174
83,1176
83,1201
84,186
84,215
84,216
84,218
84,219
84,220
84,222
84,233
84,237
84,238
84,240
84,241
84,242
84,243
84,244
84,245
84,247
84,248
84,249
84,255
84,258
84,261
84,263
84,265
84,267
84,268
84,269
84,271
84,273
84,274
84,275
84,276
84,277
84,279
84,280
84,282
84,284
84,287
84,288
84,289
84,293
84,294
84,297
84,300
84,302
84,307
84,308
84,309
84,310
84,314
84,315
84,316
84,317
84,318
84,320
84,321
84,322
84,325
84,483
84,484
84,487
84,493
84,495
84,496
84,502
84,503
84,504
84,505
84,507
84,508
84,512
84,517
84,518
84,519
84,521
84,522
84,525
84,528
84,529
84,531
84,533
84,534
84,535
84,536
84,539
84,541
84,545
84,546
84,548
84,1162
84,1163
84,1164
84,1165
84,1167
84,1168
84,1169
84,1170
84,1172
84,1173
84,1174
84,1175
84,1196
84,1210
85,187
85,214
85,215
85,216
85,217
85,218
85,219
85,220
85,221
85,233
85,235
85,236
85,237
85,238
85,244
85,246
85,247
85,248
85,249
85,258
85,261
85,263
85,265
85,268
85,269
85,271
85,273
85,274
85,275
85,276
85,277
85,279
85,280
85,284
85,286
85,287
85,288
85,289
85,293
85,294
85,298
85,302
85,305
85,307
85,308
85,309
85,311
85,312
85,313
85,314
85,318
85,320
85,321
85,322
85,325
85,483
85,484
85,495
85,496
85,502
85,504
85,505
85,507
85,508
85,517
85,518
85,519
85,521
85,522
85,525
85,528
85,531
85,534
85,539
85,541
85,545
85,548
85,1167
85,1168
85,1169
85,1170
85,1173
85,1174
85,1196
86,188
86,213
86,223
86,225
86,226
86,229
86,230
86,232
86,236
86,237
86,240
86,241
86,242
86,243
86,244
86,245
86,246
86,248
86,250
86,251
86,256
86,260
86,263
86,264
86,265
86,267
86,270
86,273
86,275
86,278
86,282
86,283
86,287
86,288
86,290
86,291
86,298
86,300
86,302
86,303
86,307
86,309
86,312
86,313
86,316
86,317
86,319
86,321
86,322
86,323
86,328
86,482
86,483
86,484
86,487
86,492
86,495
86,496
86,500
86,503
86,505
86,508
86,509
86,511
86,513
86,515
86,516
86,519
86,521
86,522
86,523
86,525
86,526
86,528
86,533
86,534
86,536
86,537
86,538
86,548
86,1162
86,1165
86,1166
86,1167
86,1168
86,1169
86,1170
86,1171
86,1172
86,1173
86,1174
86,1175
86,1176
86,1201
86,1211
87,189
87,213
87,223
87,224
87,225
87,226
87,233
87,234
87,235
87,236
87,237
87,238
87,240
87,241
87,243
87,244
87,246
87,248
87,250
87,251
87,256
87,260
87,263
87,264
87,265
87,270
87,273
87,275
87,278
87,281
87,287
87,288
87,290
87,291
87,298
87,300
87,302
87,303
87,309
87,316
87,317
87,322
87,323
87,328
87,482
87,483
87,484
87,485
87,489
87,495
87,496
87,499
87,500
87,505
87,508
87,509
87,512
87,516
87,519
87,521
87,522
87,525
87,526
87,528
87,533
87,534
87,536
87,537
87,548
87,1167
87,1170
87,1171
87,1173
87,1174
87,1176
87,1201
88,190
88,214
88,215
88,216
88,217
88,218
88,219
88,220
88,221
88,222
88,233
88,235
88,236
88,237
88,238
88,244
88,245
88,247
88,248
88,249
88,251
88,261
88,263
88,268
88,271
88,274
88,275
88,276
88,277
88,280
88,284
88,286
88,289
88,293
88,294
88,297
88,298
88,300
88,302
88,303
88,307
88,308
88,309
88,310
88,314
88,315
88,316
88,317
88,318
88,320
88,321
88,322
88,325
88,483
88,484
88,485
88,487
88,489
88,496
88,500
88,502
88,503
88,504
88,505
88,507
88,510
88,512
88,517
88,518
88,522
88,533
88,534
88,536
88,539
88,541
88,544
88,545
88,546
88,1163
88,1164
88,1173
88,1174
88,1196
88,1210
89,191
89,214
89,215
89,216
89,217
89,218
89,219
89,221
89,222
89,233
89,234
89,240
89,241
89,243
89,244
89,245
89,246
89,247
89,248
89,255
89,258
89,265
89,268
89,269
89,271
89,273
89,274
89,276
89,277
89,279
89,284
89,286
89,287
89,288
89,289
89,293
89,294
89,300
89,308
89,318
89,320
89,321
89,322
89,325
89,483
89,484
89,485
89,489
89,495
89,496
89,500
89,502
89,504
89,505
89,507
89,508
89,518
89,519
89,521
89,522
89,525
89,528
89,529
89,531
89,533
89,534
89,535
89,536
89,541
89,544
89,545
89,546
89,548
89,1167
89,1168
89,1169
89,1170
89,1173
89,1174
89,1196
90,192
90,215
90,216
90,217
90,218
90,219
90,221
90,234
90,235
90,237
90,238
90,239
90,240
90,241
90,242
90,243
90,244
90,245
90,247
90,248
90,251
90,258
90,263
90,265
90,267
90,269
90,271
90,273
90,274
90,275
90,276
90,277
90,279
90,286
90,287
90,288
90,293
90,294
90,297
90,298
90,300
90,302
90,303
90,305
90,308
90,309
90,310
90,315
90,316
90,317
90,318
90,325
90,483
90,484
90,485
90,487
90,489
90,493
90,495
90,496
90,500
90,503
90,504
90,505
90,507
90,508
90,510
90,512
90,518
90,519
90,521
90,522
90,525
90,528
90,531
90,533
90,534
90,536
90,544
90,546
90,548
90,1163
90,1164
90,1167
90,1168
90,1169
90,1170
90,1172
90,1173
90,1174
90,1175
90,1210
91,193
91,215
91,216
91,217
91,218
91,219
91,221
91,233
91,234
91,235
91,236
91,237
91,238
91,239
91,240
91,241
91,242
91,244
91,246
91,247
91,248
91,249
91,251
91,263
91,265
91,267
91,268
91,274
91,275
91,276
91,277
91,284
91,289
91,293
91,294
91,297
91,298
91,302
91,303
91,305
91,307
91,308
91,309
91,310
91,311
91,312
91,313
91,314
91,315
91,316
91,317
91,318
91,325
91,483
91,484
91,485
91,487
91,489
91,493
91,495
91,496
91,500
91,502
91,503
91,504
91,505
91,507
91,510
91,512
91,517
91,518
91,521
91,522
91,525
91,533
91,534
91,536
91,539
91,548
91,1163
91,1164
91,1167
91,1168
91,1169
91,1170
91,1172
91,1173
91,1174
91,1175
91,1210
92,194
92,214
92,215
92,216
92,218
92,219
92,220
92,221
92,233
92,234
92,235
92,236
92,237
92,238
92,239
92,240
92,241
92,244
92,246
92,247
92,248
92,249
92,251
92,263
92,265
92,268
92,271
92,274
92,275
92,276
92,277
92,280
92,284
92,286
92,293
92,294
92,297
92,298
92,302
92,303
92,305
92,307
92,308
92,309
92,310
92,311
92,312
92,313
92,314
92,315
92,316
92,317
92,318
92,325
92,483
92,484
92,487
92,493
92,496
92,502
92,503
92,504
92,505
92,507
92,510
92,512
92,517
92,522
92,534
92,536
92,539
92,541
92,548
92,1163
92,1164
92,1167
92,1168
92,1169
92,1170
92,1210
93,195
93,213
93,223
93,225
93,226
93,227
93,228
93,229
93,230
93,231
93,232
93,233
93,235
93,236
93,237
93,238
93,244
93,245
93,246
93,247
93,248
93,250
93,251
93,263
93,275
93,278
93,281
93,283
93,290
93,291
93,298
93,300
93,302
93,303
93,307
93,309
93,312
93,313
93,316
93,317
93,319
93,321
93,322
93,323
93,328
93,483
93,484
93,485
93,487
93,489
93,492
93,496
93,499
93,500
93,503
93,505
93,511
93,512
93,513
93,515
93,516
93,520
93,522
93,526
93,533
93,534
93,536
93,538
93,1163
93,1164
93,1166
93,1173
93,1174
93,1176
93,1201
93,1211
94,196
94,214
94,215
94,216
94,217
94,218
94,219
94,220
94,221
94,222
94,234
94,235
94,237
94,238
94,239
94,240
94,241
94,244
94,245
94,246
94,247
94,248
94,249
94,251
94,258
94,263
94,268
94,269
94,271
94,273
94,274
94,275
94,276
94,277
94,279
94,280
94,284
94,286
94,287
94,288
94,289
94,293
94,294
94,298
94,302
94,303
94,305
94,307
94,308
94,309
94,311
94,312
94,313
94,314
94,315
94,316
94,317
94,318
94,325
94,483
94,484
94,485
94,489
94,493
94,495
94,496
94,500
94,502
94,504
94,505
94,507
94,508
94,510
94,518
94,519
94,521
94,522
94,525
94,528
94,531
94,533
94,534
94,541
94,544
94,548
94,1168
94,1169
94,1196
94,1210
95,197
95,214
95,215
95,216
95,217
95,218
95,219
95,220
95,221
95,222
95,233
95,234
95,239
95,240
95,241
95,242
95,243
95,244
95,245
95,246
95,247
95,248
95,249
95,255
95,258
95,269
95,271
95,273
95,274
95,276
95,277
95,279
95,287
95,288
95,293
95,294
95,297
95,300
95,305
95,308
95,311
95,312
95,313
95,314
95,320
95,321
95,322
95,325
95,483
95,484
95,487
95,493
95,495
95,496
95,503
95,504
95,505
95,507
95,508
95,510
95,512
95,517
95,519
95,521
95,522
95,525
95,528
95,529
95,531
95,533
95,534
95,535
95,536
95,539
95,541
95,545
95,546
95,548
95,1163
95,1164
95,1173
95,1174
95,1196
95,1210
96,198
96,215
96,216
96,218
96,219
96,220
96,222
96,233
96,234
96,235
96,236
96,237
96,238
96,239
96,240
96,241
96,242
96,243
96,244
96,245
96,247
96,248
96,249
96,251
96,258
96,261
96,263
96,265
96,267
96,269
96,271
96,273
96,274
96,275
96,276
96,277
96,280
96,282
96,284
96,288
96,293
96,294
96,297
96,298
96,300
96,302
96,303
96,307
96,308
96,309
96,310
96,314
96,315
96,316
96,317
96,318
96,320
96,321
96,322
96,325
96,483
96,484
96,487
96,493
96,495
96,496
96,502
96,503
96,504
96,505
96,507
96,508
96,512
96,517
96,518
96,521
96,522
96,525
96,528
96,529
96,533
96,534
96,535
96,536
96,539
96,541
96,545
96,546
96,548
96,1162
96,1163
96,1164
96,1165
96,1167
96,1168
96,1169
96,1170
96,1172
96,1173
96,1174
96,1175
96,1196
96,1210
97,199
97,213
97,225
97,226
97,227
97,228
97,229
97,230
97,231
97,233
97,234
97,236
97,237
97,238
97,239
97,240
97,241
97,242
97,243
97,244
97,247
97,248
97,250
97,256
97,260
97,265
97,267
97,270
97,273
97,278
97,281
97,287
97,288
97,290
97,291
97,298
97,300
97,302
97,303
97,307
97,309
97,310
97,317
97,319
97,328
97,483
97,484
97,485
97,487
97,489
97,492
97,495
97,496
97,499
97,500
97,503
97,505
97,508
97,512
97,513
97,515
97,516
97,519
97,522
97,523
97,525
97,528
97,533
97,534
97,536
97,537
97,548
97,1163
97,1164
97,1166
97,1167
97,1168
97,1169
97,1170
97,1171
97,1172
97,1175
97,1176
97,1211
98,200
98,213
98,223
98,224
98,225
98,226
98,233
98,234
98,235
98,236
98,237
98,238
98,239
98,240
98,241
98,242
98,243
98,244
98,245
98,246
98,247
98,248
98,250
98,256
98,260
98,264
98,270
98,273
98,278
98,283
98,287
98,288
98,290
98,291
98,300
98,302
98,303
98,307
98,309
98,310
98,313
98,322
98,323
98,328
98,482
98,483
98,484
98,487
98,495
98,496
98,500
98,503
98,505
98,508
98,509
98,511
98,512
98,516
98,519
98,521
98,522
98,523
98,525
98,526
98,528
98,532
98,533
98,534
98,536
98,537
98,538
98,548
98,1163
98,1164
98,1166
98,1173
98,1174
98,1176
98,1201
98,1211
99,201
99,214
99,215
99,216
99,218
99,219
99,221
99,222
99,233
99,234
99,236
99,237
99,238
99,239
99,240
99,241
99,242
99,243
99,244
99,245
99,246
99,247
99,248
99,251
99,255
99,258
99,263
99,265
99,269
99,271
99,273
99,274
99,275
99,276
99,277
99,279
99,286
99,288
99,293
99,294
99,297
99,298
99,300
99,302
99,303
99,308
99,309
99,315
99,316
99,317
99,318
99,325
99,483
99,484
99,485
99,487
99,489
99,493
99,496
99,500
99,503
99,504
99,505
99,507
99,508
99,510
99,512
99,522
99,528
99,529
99,531
99,533
99,534
99,536
99,544
99,546
99,548
99,1163
99,1164
99,1167
99,1168
99,1169
99,1170
99,1210
100,202
100,214
100,215
100,216
100,217
100,218
100,219
100,220
100,221
100,222
100,233
100,234
100,237
100,238
100,239
100,240
100,241
100,242
100,243
100,244
100,245
100,247
100,248
100,249
100,255
100,258
100,261
100,263
100,267
100,269
100,271
100,273
100,274
100,275
100,276
100,277
100,279
100,280
100,282
100,284
100,286
100,287
100,288
100,293
100,294
100,297
100,300
100,302
100,307
100,308
100,309
100,310
100,314
100,315
100,316
100,317
100,318
100,320
100,321
100,322
100,325
100,483
100,484
100,485
100,487
100,489
100,493
100,495
100,496
100,500
100,502
100,503
100,504
100,505
100,507
100,508
100,510
100,512
100,517
100,518
100,519
100,521
100,522
100,525
100,528
100,529
100,531
100,533
100,534
100,535
100,536
100,539
100,541
100,544
100,545
100,546
100,548
100,1162
100,1163
100,1164
100,1165
100,1168
100,1169
100,1172
100,1173
100,1174
100,1175
100,1196
100,1210
101,203
101,223
101,224
101,225
101,226
101,227
101,228
101,229
101,230
101,231
101,232
101,233
101,234
101,236
101,237
101,238
101,239
101,240
101,241
101,242
101,244
101,247
101,248
101,251
101,263
101,265
101,267
101,275
101,278
101,283
101,290
101,291
101,298
101,302
101,303
101,307
101,309
101,310
101,313
101,316
101,317
101,319
101,483
101,484
101,485
101,487
101,489
101,492
101,495
101,496
101,503
101,505
101,511
101,512
101,513
101,515
101,516
101,520
101,521
101,522
101,523
101,525
101,532
101,533
101,534
101,536
101,538
101,548
101,1163
101,1164
101,1166
101,1167
101,1168
101,1169
101,1170
101,1171
101,1172
101,1175
101,1176
101,1211
102,204
102,223
102,224
102,225
102,226
102,227
102,228
102,229
102,230
102,231
102,232
102,233
102,234
102,235
102,236
102,237
102,239
102,240
102,241
102,244
102,245
102,247
102,248
102,250
102,251
102,263
102,265
102,278
102,281
102,283
102,290
102,291
102,302
102,303
102,307
102,309
102,310
102,313
102,316
102,317
102,319
102,321
102,322
102,483
102,484
102,487
102,492
102,496
102,503
102,505
102,511
102,512
102,513
102,515
102,516
102,520
102,521
102,522
102,523
102,532
102,534
102,536
102,538
102,548
102,1163
102,1164
102,1166
102,1167
102,1168
102,1169
102,1170
102,1171
102,1211
103,205
103,213
103,223
103,224
103,225
103,226
103,228
103,229
103,231
103,233
103,234
103,235
103,236
103,237
103,239
103,240
103,241
103,242
103,243
103,244
103,246
103,247
103,248
103,250
103,256
103,260
103,264
103,265
103,270
103,273
103,278
103,281
103,288
103,290
103,291
103,300
103,302
103,303
103,307
103,309
103,317
103,319
103,328
103,483
103,484
103,485
103,487
103,489
103,492
103,496
103,499
103,500
103,503
103,505
103,508
103,509
103,512
103,513
103,515
103,516
103,520
103,521
103,522
103,523
103,528
103,533
103,534
103,536
103,537
103,548
103,1163
103,1164
103,1166
103,1167
103,1168
103,1169
103,1170
103,1171
103,1211
104,206
104,213
104,223
104,225
104,226
104,227
104,228
104,229
104,230
104,231
104,232
104,234
104,236
104,237
104,239
104,240
104,241
104,242
104,243
104,244
104,245
104,246
104,248
104,250
104,251
104,256
104,260
104,263
104,265
104,267
104,273
104,278
104,282
104,283
104,288
104,290
104,291
104,298
104,300
104,302
104,303
104,307
104,309
104,312
104,313
104,317
104,319
104,321
104,322
104,323
104,328
104,482
104,483
104,484
104,487
104,492
104,495
104,496
104,500
104,503
104,505
104,508
104,509
104,511
104,512
104,513
104,515
104,516
104,520
104,521
104,522
104,523
104,525
104,526
104,528
104,533
104,534
104,536
104,538
104,548
104,1162
104,1163
104,1164
104,1165
104,1166
104,1167
104,1168
104,1169
104,1170
104,1171
104,1172
104,1173
104,1174
104,1175
104,1176
104,1201
104,1211
105,207
105,214
105,215
105,216
105,217
105,218
105,219
105,220
105,221
105,222
105,233
105,234
105,236
105,237
105,238
105,239
105,240
105,241
105,243
105,244
105,245
105,246
105,247
105,248
105,249
105,251
105,255
105,258
105,263
105,268
105,269
105,273
105,274
105,275
105,276
105,277
105,284
105,286
105,287
105,288
105,289
105,293
105,294
105,298
105,302
105,303
105,305
105,308
105,309
105,311
105,312
105,313
105,314
105,315
105,316
105,317
105,318
105,325
105,483
105,484
105,485
105,489
105,493
105,495
105,496
105,500
105,502
105,504
105,505
105,507
105,508
105,510
105,518
105,519
105,521
105,522
105,525
105,528
105,529
105,531
105,533
105,534
105,536
105,544
105,548
105,1168
105,1169
105,1196
105,1210
106,208
106,214
106,215
106,216
106,217
106,218
106,219
106,220
106,221
106,222
106,233
106,235
106,236
106,237
106,238
106,240
106,241
106,242
106,243
106,244
106,245
106,246
106,247
106,248
106,249
106,251
106,258
106,261
106,263
106,267
106,268
106,269
106,271
106,273
106,274
106,275
106,276
106,277
106,280
106,282
106,284
106,288
106,289
106,293
106,294
106,297
106,298
106,300
106,302
106,303
106,305
106,307
106,308
106,309
106,310
106,311
106,312
106,313
106,314
106,315
106,316
106,317
106,318
106,320
106,321
106,322
106,325
106,483
106,484
106,487
106,493
106,495
106,496
106,502
106,503
106,504
106,505
106,507
106,508
106,510
106,512
106,517
106,518
106,521
106,522
106,525
106,528
106,529
106,533
106,534
106,535
106,536
106,539
106,541
106,545
106,546
106,548
106,1162
106,1163
106,1164
106,1165
106,1168
106,1169
106,1172
106,1173
106,1174
106,1175
106,1196
106,1210
107,209
107,213
107,224
107,225
107,226
107,227
107,228
107,229
107,231
107,232
107,233
107,234
107,235
107,236
107,237
107,238
107,239
107,240
107,241
107,244
107,245
107,246
107,247
107,248
107,250
107,251
107,256
107,260
107,263
107,270
107,273
107,275
107,278
107,281
107,283
107,287
107,288
107,290
107,291
107,298
107,302
107,303
107,309
107,310
107,313
107,316
107,317
107,319
107,321
107,322
107,483
107,484
107,485
107,489
107,492
107,495
107,496
107,499
107,500
107,505
107,508
107,513
107,515
107,516
107,519
107,522
107,523
107,525
107,528
107,532
107,533
107,534
107,537
107,548
107,1168
107,1169
107,1171
107,1201
107,1211
108,210
108,213
108,223
108,224
108,225
108,226
108,228
108,229
108,231
108,233
108,234
108,235
108,236
108,237
108,238
108,239
108,240
108,241
108,243
108,244
108,245
108,246
108,247
108,248
108,251
108,256
108,260
108,263
108,264
108,273
108,275
108,278
108,281
108,283
108,287
108,288
108,290
108,291
108,298
108,302
108,303
108,309
108,310
108,313
108,316
108,317
108,319
108,483
108,484
108,485
108,489
108,492
108,495
108,496
108,499
108,500
108,505
108,508
108,509
108,512
108,513
108,515
108,516
108,519
108,520
108,521
108,522
108,523
108,525
108,528
108,532
108,533
108,534
108,536
108,537
108,548
108,1168
108,1169
108,1171
108,1201
108,1211
109,211
109,212
109,213
109,214
109,215
109,216
109,217
109,218
109,219
109,220
109,221
109,222
109,223
109,224
109,225
109,226
109,227
109,228
109,229
109,230
109,231
109,232
109,233
109,234
109,235
109,236
109,237
109,238
109,239
109,240
109,241
109,242
109,243
109,244
109,245
109,246
109,247
109,248
109,249
109,250
109,251
109,252
109,253
109,254
109,255
109,256
109,257
109,258
109,259
109,260
109,261
109,262
109,263
109,264
109,265
109,266
109,267
109,268
109,269
109,270
109,271
109,272
109,273
109,274
109,275
109,276
109,277
109,278
109,279
109,280
109,281
109,282
109,283
109,284
109,285
109,286
109,287
109,288
109,289
109,290
109,291
109,292
109,293
109,294
109,295
109,296
109,297
109,298
109,299
109,300
109,301
109,302
109,303
109,304
109,305
109,306
109,307
109,308
109,309
109,310
109,311
109,312
109,313
109,314
109,315
109,316
109,317
109,318
109,319
109,320
109,321
109,322
109,323
109,324
109,325
109,326
109,327
109,328
109,482
109,483
109,484
109,485
109,486
109,487
109,488
109,489
109,490
109,491
109,492
109,493
109,494
109,495
109,496
109,497
109,498
109,499
109,500
109,501
109,502
109,503
109,504
109,505
109,506
109,507
109,508
109,509
109,510
109,511
109,512
109,513
109,514
109,515
109,516
109,517
109,518
109,519
109,520
109,521
109,522
109,523
109,524
109,525
109,526
109,527
109,528
109,529
109,530
109,531
109,532
109,533
109,534
109,535
109,536
109,537
109,538
109,539
109,540
109,541
109,542
109,543
109,544
109,545
109,546
109,547
109,548
109,1162
109,1163
109,1164
109,1165
109,1166
109,1167
109,1168
109,1169
109,1170
109,1171
109,1172
109,1173
109,1174
109,1175
109,1176
109,1196
109,1197
109,1198
109,1199
109,1200
109,1201
109,1209
109,1210
109,1211
109,1212
109,1213
109,1214
110,292
110,293
110,294
110,295
110,296
110,297
110,298
110,299
110,300
110,301
110,302
110,303
110,304
110,305
110,306
110,307
110,308
110,309
110,310
110,311
110,312
110,313
110,314
110,315
110,316
110,317
110,318
110,319
110,320
110,321
110,322
110,323
110,324
110,325
110,326
110,327
110,328
110,482
110,483
110,484
110,485
110,486
110,487
110,488
110,489
110,490
110,491
110,492
110,493
110,494
110,495
110,496
110,497
110,498
110,499
110,500
110,501
110,502
110,503
110,504
110,505
110,506
110,507
110,508
110,509
110,510
110,511
110,512
110,513
110,514
110,515
110,516
110,517
110,518
110,519
110,520
110,521
110,522
110,523
110,524
110,525
110,526
110,527
110,528
110,529
110,530
110,531
110,532
110,533
110,534
110,535
110,536
110,537
110,538
110,539
110,540
110,541
110,542
110,543
110,544
110,545
110,546
110,547
110,548
110,1098
110,1099
110,1100
110,1101
110,1102
110,1103
110,1104
110,1105
110,1106
110,1107
110,1108
110,1109
110,1110
110,1111
110,1112
110,1113
110,1115
110,1116
110,1117
110,1118
110,1120
110,1121
110,1123
110,1126
110,1131
110,1142
110,1143
110,1147
110,1148
110,1149
110,1154
110,1155
110,1156
110,1157
110,1162
110,1163
110,1164
110,1165
110,1166
110,1167
110,1168
110,1169
110,1170
110,1171
110,1172
110,1173
110,1174
110,1175
110,1176
110,1181
110,1182
110,1183
110,1184
110,1187
110,1189
110,1193
110,1194
110,1195
110,1196
110,1197
110,1198
110,1199
110,1200
110,1201
110,1203
110,1204
110,1209
110,1210
110,1211
110,1212
110,1213
110,1214
111,329
111,431
111,432
111,433
111,434
111,438
111,439
111,440
111,441
111,442
111,445
111,446
111,447
111,448
111,449
111,450
111,451
111,452
111,453
111,454
111,455
111,456
111,457
111,458
111,459
111,460
111,461
111,463
111,464
111,465
111,466
111,467
111,468
111,469
111,470
111,471
111,472
111,475
111,476
111,477
111,479
111,480
111,481
111,483
111,484
111,485
111,489
111,495
111,496
111,499
111,500
111,505
111,508
111,512
111,519
111,521
111,522
111,523
111,525
111,528
111,529
111,531
111,533
111,534
111,536
111,548
111,1133
111,1138
111,1144
111,1146
111,1150
111,1151
111,1153
111,1160
111,1161
111,1167
111,1168
111,1169
111,1170
111,1190
111,1199
111,1210
112,330
112,431
112,432
112,433
112,434
112,435
112,436
112,438
112,439
112,440
112,443
112,446
112,447
112,449
112,450
112,453
112,455
112,456
112,458
112,459
112,460
112,461
112,465
112,466
112,467
112,469
112,470
112,471
112,475
112,476
112,477
112,478
112,479
112,483
112,484
112,485
112,489
112,495
112,496
112,499
112,500
112,505
112,508
112,519
112,522
112,523
112,525
112,526
112,528
112,529
112,531
112,533
112,534
112,535
112,548
112,1130
112,1133
112,1138
112,1139
112,1144
112,1146
112,1150
112,1151
112,1160
112,1161
112,1162
112,1165
112,1167
112,1168
112,1169
112,1170
112,1172
112,1173
112,1174
112,1175
112,1177
112,1188
112,1190
112,1191
112,1199
113,331
113,371
113,383
113,384
113,385
113,386
113,435
113,436
113,438
113,440
113,447
113,453
113,458
113,460
113,464
113,465
113,466
113,469
113,471
113,474
113,475
113,476
113,477
113,478
113,482
113,485
113,487
113,488
113,489
113,495
113,498
113,501
113,503
113,508
113,509
113,519
113,525
113,528
113,538
113,540
113,1114
113,1119
113,1124
113,1127
113,1129
113,1132
113,1135
113,1140
113,1144
113,1145
113,1146
113,1152
113,1158
113,1160
113,1162
113,1163
113,1164
113,1165
113,1166
113,1167
113,1168
113,1169
113,1170
113,1171
113,1172
113,1173
113,1174
113,1175
113,1176
113,1177
113,1178
113,1179
113,1180
113,1185
113,1186
113,1190
113,1191
113,1192
113,1197
113,1202
113,1205
113,1213
114,332
114,408
114,409
114,410
114,411
114,412
114,431
114,433
114,435
114,436
114,440
114,441
114,449
114,450
114,453
114,455
114,456
114,458
114,459
114,462
114,463
114,467
114,468
114,470
114,474
114,479
114,480
114,483
114,484
114,485
114,487
114,489
114,494
114,495
114,496
114,500
114,503
114,505
114,512
114,521
114,522
114,525
114,533
114,534
114,536
114,538
114,542
114,547
114,548
114,1119
114,1122
114,1127
114,1128
114,1129
114,1136
114,1138
114,1140
114,1144
114,1145
114,1146
114,1152
114,1153
114,1158
114,1159
114,1160
114,1162
114,1165
114,1166
114,1167
114,1168
114,1169
114,1170
114,1171
114,1172
114,1173
114,1174
114,1175
114,1176
114,1177
114,1179
114,1188
114,1190
114,1191
114,1192
114,1196
114,1202
114,1205
114,1208
114,1211
115,333
115,397
115,398
115,400
115,401
115,402
115,403
115,404
115,405
115,408
115,411
115,412
115,431
115,433
115,435
115,436
115,438
115,440
115,450
115,455
115,456
115,458
115,459
115,461
115,462
115,467
115,470
115,471
115,474
115,475
115,479
115,480
115,483
115,484
115,485
115,487
115,489
115,494
115,495
115,496
115,500
115,503
115,505
115,508
115,512
115,519
115,521
115,522
115,525
115,528
115,533
115,534
115,536
115,537
115,538
115,547
115,548
115,1122
115,1127
115,1128
115,1129
115,1138
115,1140
115,1144
115,1145
115,1153
115,1158
115,1159
115,1162
115,1163
115,1164
115,1165
115,1166
115,1167
115,1170
115,1171
115,1172
115,1173
115,1174
115,1175
115,1176
115,1179
115,1188
115,1190
115,1191
115,1192
115,1202
115,1205
115,1207
115,1208
116,334
116,397
116,398
116,399
116,400
116,401
116,403
116,404
116,405
116,407
116,408
116,411
116,412
116,431
116,433
116,435
116,436
116,438
116,440
116,449
116,450
116,453
116,455
116,456
116,458
116,459
116,461
116,467
116,470
116,474
116,475
116,479
116,482
116,483
116,484
116,487
116,494
116,496
116,497
116,503
116,505
116,508
116,512
116,522
116,528
116,534
116,536
116,537
116,538
116,542
116,547
116,548
116,1119
116,1122
116,1127
116,1129
116,1138
116,1140
116,1144
116,1145
116,1146
116,1150
116,1152
116,1158
116,1160
116,1161
116,1162
116,1163
116,1164
116,1165
116,1166
116,1167
116,1168
116,1169
116,1170
116,1172
116,1173
116,1174
116,1175
116,1176
116,1177
116,1179
116,1188
116,1190
116,1191
116,1192
116,1202
116,1205
116,1206
116,1207
116,1208
117,335
117,371
117,384
117,385
117,386
117,397
117,398
117,400
117,401
117,402
117,403
117,404
117,405
117,408
117,411
117,412
117,436
117,438
117,440
117,443
117,447
117,453
117,458
117,460
117,464
117,465
117,466
117,469
117,471
117,474
117,475
117,477
117,478
117,485
117,487
117,488
117,489
117,495
117,498
117,501
117,508
117,519
117,525
117,528
117,537
117,538
117,540
117,1114
117,1119
117,1127
117,1129
117,1135
117,1144
117,1145
117,1146
117,1150
117,1152
117,1160
117,1161
117,1162
117,1163
117,1164
117,1165
117,1166
117,1167
117,1168
117,1169
117,1170
117,1171
117,1172
117,1173
117,1174
117,1175
117,1176
117,1177
117,1178
117,1179
117,1180
117,1185
117,1186
117,1190
117,1192
117,1205
117,1207
117,1213
118,336
118,382
118,384
118,385
118,386
118,388
118,389
118,390
118,391
118,392
118,393
118,395
118,398
118,400
118,401
118,402
118,435
118,436
118,438
118,440
118,443
118,447
118,458
118,460
118,465
118,466
118,469
118,471
118,474
118,477
118,478
118,485
118,487
118,488
118,489
118,495
118,498
118,501
118,508
118,509
118,519
118,525
118,528
118,538
118,540
118,1124
118,1127
118,1129
118,1132
118,1135
118,1140
118,1144
118,1145
118,1158
118,1162
118,1164
118,1165
118,1166
118,1167
118,1168
118,1169
118,1170
118,1171
118,1172
118,1173
118,1174
118,1175
118,1176
118,1178
118,1179
118,1180
118,1185
118,1186
118,1190
118,1191
118,1192
118,1202
118,1205
118,1206
118,1207
119,337
119,373
119,374
119,375
119,376
119,377
119,378
119,380
119,397
119,403
119,404
119,405
119,408
119,410
119,411
119,412
119,431
119,433
119,436
119,438
119,440
119,441
119,449
119,450
119,453
119,455
119,458
119,459
119,462
119,467
119,468
119,470
119,471
119,474
119,475
119,479
119,480
119,483
119,484
119,485
119,487
119,489
119,495
119,496
119,497
119,500
119,503
119,505
119,508
119,512
119,519
119,521
119,522
119,525
119,528
119,533
119,534
119,536
119,537
119,542
119,548
119,1122
119,1127
119,1128
119,1129
119,1138
119,1144
119,1145
119,1150
119,1153
119,1159
119,1160
119,1161
119,1162
119,1163
119,1164
119,1165
119,1166
119,1167
119,1168
119,1169
119,1170
119,1171
119,1172
119,1175
119,1176
119,1179
119,1188
119,1190
119,1192
119,1205
119,1206
119,1207
119,1208
119,1211
120,338
120,373
120,374
120,375
120,376
120,377
120,378
120,380
120,398
120,400
120,401
120,402
120,408
120,409
120,411
120,412
120,431
120,433
120,436
120,440
120,449
120,450
120,453
120,455
120,456
120,458
120,459
120,461
120,462
120,463
120,467
120,470
120,474
120,479
120,480
120,483
120,484
120,485
120,487
120,489
120,494
120,495
120,496
120,497
120,500
120,503
120,505
120,512
120,521
120,522
120,525
120,533
120,534
120,536
120,538
120,548
120,1119
120,1127
120,1128
120,1129
120,1136
120,1138
120,1144
120,1145
120,1146
120,1150
120,1152
120,1153
120,1159
120,1160
120,1161
120,1162
120,1163
120,1164
120,1165
120,1166
120,1167
120,1168
120,1169
120,1170
120,1171
120,1172
120,1175
120,1176
120,1177
120,1179
120,1190
120,1192
120,1205
120,1206
120,1207
120,1208
120,1211
121,339
121,398
121,399
121,400
121,401
121,402
121,403
121,404
121,405
121,406
121,407
121,408
121,409
121,410
121,411
121,412
121,431
121,435
121,436
121,438
121,450
121,463
121,467
121,468
121,471
121,474
121,475
121,482
121,483
121,484
121,485
121,487
121,489
121,494
121,496
121,497
121,500
121,503
121,505
121,508
121,509
121,512
121,519
121,522
121,528
121,533
121,534
121,536
121,537
121,538
121,542
121,547
121,1119
121,1122
121,1127
121,1129
121,1140
121,1145
121,1146
121,1150
121,1152
121,1158
121,1159
121,1161
121,1162
121,1163
121,1164
121,1165
121,1166
121,1167
121,1168
121,1169
121,1170
121,1171
121,1172
121,1173
121,1174
121,1175
121,1177
121,1179
121,1188
121,1191
121,1192
121,1196
121,1202
121,1205
121,1206
121,1207
121,1208
121,1211
122,340
122,382
122,384
122,385
122,386
122,387
122,388
122,389
122,391
122,392
122,393
122,395
122,396
122,398
122,400
122,401
122,407
122,435
122,436
122,438
122,440
122,443
122,447
122,453
122,458
122,460
122,465
122,466
122,471
122,474
122,475
122,477
122,478
122,482
122,487
122,488
122,495
122,508
122,509
122,519
122,525
122,528
122,537
122,538
122,540
122,1119
122,1124
122,1127
122,1129
122,1132
122,1135
122,1140
122,1144
122,1145
122,1146
122,1150
122,1158
122,1160
122,1161
122,1162
122,1164
122,1165
122,1166
122,1167
122,1168
122,1169
122,1170
122,1172
122,1173
122,1174
122,1175
122,1176
122,1177
122,1179
122,1180
122,1190
122,1191
122,1192
122,1202
122,1205
122,1206
122,1207
123,341
123,372
123,373
123,374
123,376
123,377
123,378
123,379
123,380
123,397
123,399
123,403
123,404
123,405
123,408
123,410
123,411
123,412
123,431
123,433
123,436
123,438
123,440
123,441
123,449
123,450
123,453
123,455
123,456
123,458
123,459
123,461
123,462
123,463
123,467
123,468
123,470
123,475
123,479
123,483
123,484
123,485
123,487
123,489
123,496
123,497
123,500
123,503
123,505
123,508
123,509
123,512
123,522
123,528
123,533
123,534
123,536
123,537
123,542
123,548
123,1122
123,1127
123,1129
123,1138
123,1144
123,1145
123,1150
123,1160
123,1161
123,1162
123,1163
123,1164
123,1165
123,1166
123,1167
123,1168
123,1169
123,1170
123,1179
123,1188
123,1190
123,1192
123,1205
123,1206
123,1207
123,1208
123,1211
124,342
124,373
124,374
124,377
124,378
124,379
124,381
124,397
124,400
124,401
124,403
124,405
124,406
124,407
124,408
124,409
124,411
124,412
124,431
124,433
124,435
124,436
124,438
124,440
124,441
124,449
124,450
124,453
124,455
124,456
124,458
124,459
124,461
124,462
124,467
124,468
124,470
124,474
124,475
124,479
124,480
124,482
124,483
124,484
124,487
124,494
124,495
124,496
124,497
124,503
124,505
124,508
124,509
124,512
124,521
124,522
124,525
124,528
124,533
124,534
124,536
124,538
124,547
124,548
124,1119
124,1122
124,1127
124,1128
124,1129
124,1136
124,1138
124,1140
124,1144
124,1145
124,1150
124,1153
124,1158
124,1160
124,1161
124,1162
124,1163
124,1164
124,1165
124,1166
124,1167
124,1168
124,1169
124,1170
124,1171
124,1172
124,1173
124,1174
124,1175
124,1179
124,1188
124,1190
124,1191
124,1192
124,1196
124,1202
124,1205
124,1206
124,1207
124,1208
124,1211
125,343
125,371
125,382
125,383
125,384
125,385
125,386
125,397
125,398
125,399
125,400
125,401
125,403
125,404
125,405
125,406
125,410
125,411
125,412
125,436
125,438
125,440
125,443
125,447
125,453
125,458
125,460
125,464
125,465
125,466
125,469
125,471
125,475
125,477
125,478
125,487
125,488
125,495
125,508
125,519
125,525
125,528
125,537
125,538
125,540
125,1114
125,1119
125,1127
125,1129
125,1135
125,1144
125,1145
125,1146
125,1150
125,1152
125,1158
125,1160
125,1161
125,1162
125,1163
125,1164
125,1165
125,1166
125,1167
125,1168
125,1169
125,1170
125,1177
125,1178
125,1179
125,1180
125,1186
125,1190
125,1192
125,1202
125,1205
125,1206
125,1207
125,1213
126,344
126,372
126,373
126,374
126,376
126,377
126,378
126,380
126,381
126,397
126,398
126,400
126,401
126,406
126,408
126,409
126,410
126,411
126,412
126,431
126,433
126,436
126,440
126,449
126,450
126,453
126,455
126,456
126,458
126,459
126,461
126,463
126,467
126,470
126,479
126,480
126,483
126,484
126,487
126,494
126,496
126,497
126,503
126,505
126,512
126,522
126,534
126,536
126,538
126,548
126,1119
126,1127
126,1129
126,1136
126,1138
126,1144
126,1145
126,1146
126,1150
126,1152
126,1153
126,1159
126,1160
126,1161
126,1162
126,1163
126,1164
126,1165
126,1166
126,1167
126,1168
126,1169
126,1170
126,1177
126,1179
126,1190
126,1192
126,1202
126,1205
126,1206
126,1207
126,1208
126,1211
127,345
127,382
127,383
127,384
127,385
127,386
127,388
127,389
127,390
127,391
127,392
127,393
127,395
127,397
127,403
127,404
127,405
127,408
127,411
127,412
127,436
127,438
127,440
127,447
127,453
127,458
127,460
127,466
127,469
127,471
127,474
127,475
127,476
127,477
127,478
127,482
127,485
127,487
127,488
127,489
127,495
127,498
127,501
127,503
127,508
127,519
127,525
127,528
127,537
127,1124
127,1127
127,1129
127,1132
127,1135
127,1144
127,1145
127,1150
127,1160
127,1161
127,1162
127,1163
127,1164
127,1165
127,1166
127,1167
127,1168
127,1169
127,1170
127,1171
127,1172
127,1173
127,1174
127,1175
127,1176
127,1178
127,1179
127,1180
127,1185
127,1186
127,1190
127,1192
127,1205
127,1206
127,1207
127,1213
128,346
128,372
128,373
128,374
128,375
128,376
128,377
128,378
128,379
128,380
128,381
128,397
128,399
128,403
128,404
128,405
128,408
128,409
128,411
128,412
128,431
128,433
128,438
128,441
128,449
128,450
128,459
128,461
128,462
128,463
128,467
128,468
128,471
128,475
128,479
128,482
128,483
128,484
128,487
128,494
128,495
128,496
128,497
128,503
128,505
128,508
128,509
128,512
128,519
128,521
128,522
128,525
128,528
128,533
128,534
128,536
128,537
128,538
128,547
128,548
128,1119
128,1122
128,1127
128,1129
128,1140
128,1145
128,1146
128,1152
128,1158
128,1159
128,1162
128,1163
128,1164
128,1165
128,1166
128,1172
128,1173
128,1174
128,1175
128,1176
128,1177
128,1179
128,1188
128,1191
128,1192
128,1196
128,1202
128,1205
128,1208
128,1211
129,347
129,373
129,374
129,375
129,376
129,377
129,378
129,380
129,398
129,399
129,400
129,401
129,402
129,403
129,405
129,406
129,407
129,408
129,409
129,411
129,412
129,431
129,435
129,436
129,438
129,440
129,450
129,453
129,455
129,456
129,458
129,461
129,463
129,467
129,470
129,471
129,475
129,482
129,483
129,484
129,494
129,495
129,496
129,497
129,505
129,508
129,519
129,521
129,522
129,525
129,528
129,534
129,537
129,538
129,542
129,547
129,548
129,1119
129,1127
129,1128
129,1129
129,1138
129,1140
129,1144
129,1145
129,1146
129,1150
129,1152
129,1158
129,1159
129,1160
129,1161
129,1162
129,1163
129,1164
129,1165
129,1167
129,1168
129,1169
129,1170
129,1171
129,1172
129,1173
129,1174
129,1175
129,1176
129,1177
129,1179
129,1190
129,1191
129,1192
129,1196
129,1202
129,1205
129,1206
129,1207
130,348
130,382
130,383
130,384
130,385
130,386
130,387
130,388
130,389
130,391
130,392
130,393
130,394
130,395
130,397
130,399
130,403
130,404
130,405
130,409
130,411
130,412
130,436
130,438
130,440
130,443
130,447
130,453
130,458
130,460
130,464
130,465
130,466
130,471
130,475
130,476
130,477
130,478
130,482
130,485
130,487
130,488
130,489
130,495
130,501
130,503
130,508
130,519
130,525
130,528
130,537
130,1124
130,1127
130,1129
130,1132
130,1135
130,1144
130,1145
130,1150
130,1160
130,1161
130,1162
130,1163
130,1164
130,1165
130,1166
130,1167
130,1168
130,1169
130,1170
130,1179
130,1180
130,1190
130,1192
130,1205
130,1206
130,1207
130,1213
131,349
131,371
131,382
131,384
131,385
131,386
131,388
131,389
131,391
131,393
131,394
131,396
131,400
131,401
131,404
131,405
131,406
131,407
131,409
131,410
131,411
131,412
131,435
131,436
131,438
131,440
131,443
131,447
131,453
131,458
131,460
131,465
131,466
131,469
131,471
131,474
131,475
131,476
131,477
131,478
131,485
131,487
131,488
131,489
131,495
131,498
131,503
131,508
131,509
131,519
131,525
131,528
131,537
131,538
131,540
131,1114
131,1119
131,1124
131,1127
131,1129
131,1132
131,1135
131,1140
131,1144
131,1145
131,1150
131,1152
131,1160
131,1161
131,1162
131,1164
131,1165
131,1166
131,1167
131,1168
131,1169
131,1170
131,1171
131,1172
131,1173
131,1174
131,1175
131,1179
131,1180
131,1185
131,1186
131,1190
131,1191
131,1192
131,1197
131,1202
131,1205
131,1206
131,1207
131,1213
132,350
132,371
132,383
132,384
132,385
132,386
132,387
132,388
132,389
132,390
132,391
132,392
132,393
132,394
132,395
132,396
132,398
132,400
132,401
132,402
132,406
132,407
132,435
132,436
132,460
132,464
132,474
132,476
132,477
132,478
132,482
132,485
132,487
132,488
132,501
132,508
132,509
132,519
132,528
132,537
132,538
132,540
132,1119
132,1124
132,1127
132,1129
132,1132
132,1140
132,1145
132,1146
132,1150
132,1152
132,1161
132,1162
132,1164
132,1165
132,1166
132,1167
132,1168
132,1169
132,1170
132,1171
132,1172
132,1173
132,1174
132,1175
132,1177
132,1178
132,1179
132,1180
132,1191
132,1192
132,1197
132,1202
132,1205
132,1206
132,1207
132,1213
133,351
133,373
133,374
133,377
133,378
133,379
133,381
133,397
133,398
133,399
133,400
133,401
133,402
133,403
133,404
133,405
133,406
133,407
133,408
133,409
133,411
133,412
133,431
133,433
133,435
133,436
133,438
133,440
133,441
133,450
133,455
133,458
133,459
133,461
133,462
133,467
133,468
133,470
133,471
133,474
133,475
133,482
133,483
133,484
133,487
133,494
133,495
133,496
133,497
133,503
133,505
133,508
133,509
133,512
133,519
133,521
133,522
133,525
133,528
133,533
133,534
133,536
133,537
133,538
133,547
133,548
133,1119
133,1122
133,1127
133,1128
133,1129
133,1136
133,1140
133,1144
133,1145
133,1150
133,1153
133,1158
133,1161
133,1162
133,1165
133,1166
133,1167
133,1168
133,1169
133,1170
133,1171
133,1172
133,1173
133,1174
133,1175
133,1176
133,1179
133,1188
133,1190
133,1191
133,1192
133,1196
133,1202
133,1205
133,1206
133,1207
133,1208
133,1211
134,352
134,372
134,373
134,374
134,375
134,377
134,378
134,379
134,380
134,397
134,398
134,399
134,400
134,401
134,402
134,403
134,404
134,405
134,408
134,410
134,411
134,412
134,431
134,433
134,436
134,438
134,441
134,450
134,459
134,461
134,463
134,467
134,468
134,471
134,475
134,479
134,482
134,483
134,484
134,485
134,489
134,495
134,496
134,500
134,505
134,508
134,509
134,519
134,521
134,522
134,525
134,528
134,533
134,534
134,536
134,537
134,542
134,547
134,548
134,1122
134,1127
134,1128
134,1129
134,1140
134,1145
134,1158
134,1167
134,1170
134,1171
134,1172
134,1173
134,1174
134,1175
134,1176
134,1179
134,1188
134,1191
134,1192
134,1196
134,1202
134,1205
134,1207
135,353
135,373
135,374
135,375
135,376
135,377
135,378
135,380
135,397
135,398
135,399
135,400
135,401
135,402
135,403
135,404
135,405
135,407
135,408
135,410
135,411
135,412
135,431
135,433
135,435
135,436
135,438
135,449
135,450
135,459
135,467
135,468
135,471
135,475
135,479
135,482
135,483
135,484
135,485
135,489
135,495
135,496
135,497
135,500
135,505
135,508
135,509
135,519
135,521
135,522
135,525
135,528
135,533
135,534
135,537
135,542
135,547
135,548
135,1119
135,1122
135,1127
135,1128
135,1129
135,1140
135,1145
135,1146
135,1150
135,1152
135,1158
135,1161
135,1162
135,1163
135,1164
135,1165
135,1167
135,1168
135,1169
135,1170
135,1171
135,1172
135,1173
135,1174
135,1175
135,1176
135,1177
135,1179
135,1188
135,1191
135,1192
135,1196
135,1202
135,1205
135,1206
135,1207
136,354
136,371
136,382
136,383
136,384
136,385
136,386
136,397
136,398
136,399
136,400
136,401
136,402
136,403
136,404
136,405
136,406
136,407
136,408
136,409
136,410
136,411
136,412
136,440
136,443
136,447
136,453
136,458
136,460
136,465
136,466
136,469
136,476
136,477
136,478
136,482
136,485
136,487
136,488
136,501
136,508
136,509
136,519
136,528
136,538
136,540
136,1114
136,1119
136,1124
136,1127
136,1129
136,1132
136,1135
136,1140
136,1144
136,1145
136,1150
136,1152
136,1158
136,1160
136,1161
136,1162
136,1163
136,1164
136,1165
136,1166
136,1172
136,1173
136,1174
136,1175
136,1176
136,1179
136,1180
136,1185
136,1186
136,1190
136,1191
136,1192
136,1197
136,1202
136,1205
136,1206
136,1207
136,1213
137,355
137,372
137,373
137,374
137,375
137,376
137,377
137,378
137,379
137,380
137,381
137,398
137,399
137,400
137,401
137,402
137,403
137,405
137,408
137,409
137,410
137,411
137,412
137,431
137,433
137,438
137,440
137,441
137,449
137,450
137,453
137,455
137,456
137,458
137,459
137,461
137,463
137,467
137,468
137,470
137,471
137,475
137,479
137,483
137,484
137,485
137,489
137,495
137,496
137,497
137,500
137,505
137,508
137,509
137,519
137,521
137,522
137,525
137,528
137,533
137,534
137,536
137,537
137,542
137,548
137,1119
137,1127
137,1128
137,1129
137,1138
137,1144
137,1145
137,1146
137,1150
137,1152
137,1159
137,1160
137,1161
137,1167
137,1168
137,1169
137,1170
137,1171
137,1177
137,1179
137,1190
137,1192
137,1196
137,1205
137,1206
137,1207
137,1211
138,356
138,372
138,373
138,374
138,375
138,376
138,377
138,378
138,379
138,380
138,381
138,397
138,398
138,400
138,401
138,402
138,406
138,407
138,408
138,409
138,410
138,411
138,412
138,431
138,440
138,450
138,453
138,455
138,456
138,458
138,461
138,467
138,468
138,470
138,480
138,483
138,484
138,485
138,487
138,489
138,494
138,496
138,500
138,503
138,505
138,512
138,522
138,533
138,534
138,536
138,538
138,542
138,547
138,1119
138,1122
138,1127
138,1128
138,1129
138,1136
138,1138
138,1140
138,1144
138,1145
138,1150
138,1153
138,1158
138,1160
138,1161
138,1162
138,1163
138,1164
138,1165
138,1166
138,1172
138,1173
138,1174
138,1175
138,1176
138,1179
138,1188
138,1190
138,1191
138,1192
138,1196
138,1202
138,1205
138,1206
138,1207
138,1208
138,1211
139,357
139,372
139,373
139,374
139,375
139,376
139,377
139,378
139,379
139,380
139,381
139,397
139,398
139,400
139,401
139,402
139,403
139,405
139,406
139,407
139,408
139,409
139,411
139,412
139,431
139,433
139,435
139,438
139,440
139,441
139,450
139,453
139,455
139,456
139,458
139,459
139,461
139,462
139,463
139,467
139,468
139,470
139,474
139,475
139,480
139,482
139,483
139,484
139,487
139,494
139,495
139,496
139,497
139,503
139,505
139,508
139,509
139,512
139,521
139,522
139,525
139,528
139,533
139,534
139,536
139,538
139,547
139,548
139,1119
139,1122
139,1127
139,1128
139,1129
139,1136
139,1138
139,1140
139,1144
139,1145
139,1146
139,1150
139,1152
139,1153
139,1158
139,1159
139,1160
139,1161
139,1162
139,1165
139,1166
139,1167
139,1168
139,1169
139,1170
139,1171
139,1172
139,1173
139,1174
139,1175
139,1177
139,1179
139,1188
139,1190
139,1191
139,1192
139,1196
139,1202
139,1205
139,1206
139,1207
139,1208
139,1211
140,358
140,372
140,373
140,374
140,375
140,377
140,378
140,380
140,381
140,397
140,398
140,400
140,401
140,402
140,403
140,404
140,405
140,406
140,407
140,408
140,409
140,410
140,411
140,412
140,431
140,436
140,438
140,440
140,450
140,455
140,456
140,458
140,461
140,463
140,467
140,470
140,471
140,475
140,480
140,483
140,484
140,494
140,495
140,496
140,505
140,508
140,519
140,521
140,522
140,525
140,528
140,534
140,537
140,538
140,547
140,548
140,1119
140,1127
140,1128
140,1129
140,1136
140,1138
140,1140
140,1144
140,1145
140,1146
140,1152
140,1158
140,1159
140,1167
140,1170
140,1171
140,1172
140,1173
140,1174
140,1175
140,1176
140,1177
140,1179
140,1190
140,1191
140,1192
140,1196
140,1202
140,1205
140,1207
141,359
141,372
141,373
141,374
141,375
141,376
141,377
141,378
141,379
141,380
141,381
141,397
141,398
141,400
141,401
141,402
141,403
141,404
141,405
141,406
141,408
141,409
141,410
141,411
141,412
141,431
141,433
141,438
141,440
141,449
141,450
141,453
141,455
141,458
141,459
141,463
141,467
141,468
141,470
141,471
141,475
141,479
141,480
141,483
141,484
141,485
141,489
141,495
141,496
141,497
141,500
141,505
141,508
141,519
141,521
141,522
141,525
141,528
141,533
141,534
141,537
141,542
141,548
141,1119
141,1127
141,1128
141,1129
141,1136
141,1138
141,1144
141,1145
141,1146
141,1150
141,1152
141,1159
141,1160
141,1161
141,1167
141,1168
141,1169
141,1170
141,1171
141,1177
141,1179
141,1190
141,1192
141,1196
141,1202
141,1205
141,1206
141,1207
141,1211
142,360
142,372
142,373
142,374
142,375
142,376
142,377
142,378
142,379
142,380
142,381
142,397
142,399
142,400
142,401
142,403
142,404
142,405
142,406
142,407
142,408
142,409
142,410
142,411
142,412
142,431
142,433
142,435
142,438
142,440
142,441
142,449
142,450
142,455
142,458
142,459
142,461
142,462
142,467
142,468
142,470
142,471
142,474
142,475
142,479
142,482
142,483
142,484
142,485
142,487
142,489
142,494
142,495
142,496
142,497
142,500
142,503
142,505
142,508
142,509
142,512
142,519
142,521
142,522
142,525
142,528
142,533
142,534
142,536
142,537
142,538
142,542
142,547
142,548
142,1119
142,1122
142,1127
142,1128
142,1129
142,1136
142,1140
142,1144
142,1145
142,1150
142,1153
142,1158
142,1161
142,1162
142,1165
142,1166
142,1167
142,1168
142,1169
142,1170
142,1171
142,1172
142,1173
142,1174
142,1175
142,1179
142,1188
142,1190
142,1191
142,1192
142,1196
142,1202
142,1205
142,1206
142,1207
142,1208
142,1211
143,361
143,371
143,382
143,384
143,385
143,386
143,387
143,388
143,389
143,390
143,391
143,392
143,393
143,394
143,395
143,396
143,397
143,399
143,403
143,404
143,405
143,408
143,409
143,410
143,411
143,412
143,438
143,443
143,460
143,464
143,471
143,475
143,476
143,477
143,478
143,485
143,487
143,488
143,489
143,495
143,498
143,503
143,508
143,509
143,519
143,525
143,528
143,537
143,538
143,540
143,1119
143,1124
143,1127
143,1129
143,1132
143,1140
143,1145
143,1146
143,1152
143,1158
143,1162
143,1163
143,1164
143,1165
143,1166
143,1172
143,1173
143,1174
143,1175
143,1176
143,1177
143,1178
143,1179
143,1180
143,1191
143,1192
143,1197
143,1202
143,1205
143,1213
144,362
144,371
144,384
144,385
144,386
144,387
144,388
144,389
144,390
144,391
144,393
144,395
144,396
144,397
144,398
144,400
144,401
144,402
144,403
144,404
144,405
144,406
144,407
144,408
144,411
144,412
144,435
144,436
144,440
144,443
144,447
144,453
144,458
144,460
144,464
144,465
144,466
144,477
144,478
144,482
144,498
144,508
144,509
144,519
144,525
144,528
144,537
144,538
144,540
144,1119
144,1127
144,1129
144,1135
144,1140
144,1144
144,1145
144,1146
144,1150
144,1152
144,1158
144,1160
144,1161
144,1162
144,1163
144,1164
144,1165
144,1167
144,1169
144,1170
144,1171
144,1172
144,1173
144,1174
144,1175
144,1176
144,1177
144,1178
144,1179
144,1185
144,1190
144,1191
144,1192
144,1197
144,1202
144,1205
144,1207
145,363
145,371
145,382
145,384
145,385
145,386
145,387
145,388
145,389
145,390
145,391
145,392
145,393
145,394
145,395
145,396
145,398
145,400
145,401
145,402
145,404
145,405
145,406
145,407
145,409
145,410
145,411
145,412
145,435
145,436
145,438
145,440
145,443
145,447
145,458
145,460
145,466
145,471
145,474
145,476
145,477
145,478
145,485
145,487
145,488
145,489
145,498
145,503
145,508
145,509
145,519
145,525
145,528
145,537
145,538
145,540
145,1114
145,1119
145,1124
145,1127
145,1129
145,1132
145,1140
145,1144
145,1145
145,1150
145,1152
145,1158
145,1161
145,1162
145,1163
145,1164
145,1165
145,1166
145,1167
145,1168
145,1169
145,1170
145,1171
145,1172
145,1173
145,1174
145,1175
145,1176
145,1179
145,1180
145,1185
145,1186
145,1190
145,1191
145,1192
145,1197
145,1202
145,1205
145,1206
145,1207
145,1213
146,364
146,371
146,383
146,384
146,385
146,386
146,387
146,388
146,389
146,390
146,391
146,393
146,394
146,395
146,397
146,398
146,399
146,400
146,401
146,402
146,403
146,404
146,405
146,408
146,409
146,410
146,411
146,412
146,438
146,440
146,443
146,447
146,453
146,458
146,460
146,464
146,465
146,466
146,471
146,475
146,476
146,477
146,478
146,482
146,485
146,487
146,495
146,498
146,501
146,503
146,508
146,519
146,525
146,528
146,537
146,1119
146,1127
146,1129
146,1135
146,1144
146,1145
146,1146
146,1150
146,1152
146,1160
146,1161
146,1167
146,1168
146,1169
146,1170
146,1171
146,1177
146,1178
146,1179
146,1185
146,1190
146,1192
146,1197
146,1205
146,1207
146,1213
147,365
147,366
147,367
147,368
147,369
147,370
147,371
147,372
147,373
147,374
147,375
147,376
147,377
147,378
147,379
147,380
147,381
147,382
147,383
147,384
147,385
147,386
147,387
147,388
147,389
147,390
147,391
147,392
147,393
147,394
147,395
147,396
147,397
147,398
147,399
147,400
147,401
147,402
147,403
147,404
147,405
147,406
147,407
147,408
147,409
147,410
147,411
147,412
147,431
147,432
147,433
147,434
147,435
147,436
147,437
147,438
147,439
147,440
147,441
147,442
147,443
147,444
147,445
147,446
147,447
147,448
147,449
147,450
147,451
147,452
147,453
147,454
147,455
147,456
147,457
147,458
147,459
147,460
147,461
147,462
147,463
147,464
147,465
147,466
147,467
147,468
147,469
147,470
147,471
147,472
147,473
147,474
147,475
147,476
147,477
147,478
147,479
147,480
147,481
147,482
147,483
147,484
147,485
147,487
147,488
147,489
147,493
147,494
147,495
147,496
147,497
147,498
147,500
147,501
147,503
147,505
147,508
147,509
147,512
147,517
147,519
147,521
147,522
147,525
147,528
147,533
147,534
147,536
147,537
147,538
147,540
147,542
147,544
147,545
147,547
147,548
147,1114
147,1119
147,1122
147,1124
147,1125
147,1127
147,1128
147,1129
147,1130
147,1132
147,1133
147,1134
147,1135
147,1136
147,1137
147,1138
147,1139
147,1140
147,1141
147,1144
147,1145
147,1146
147,1150
147,1151
147,1152
147,1153
147,1158
147,1159
147,1160
147,1161
147,1162
147,1163
147,1164
147,1165
147,1166
147,1167
147,1168
147,1169
147,1170
147,1171
147,1172
147,1173
147,1174
147,1175
147,1176
147,1177
147,1178
147,1179
147,1180
147,1185
147,1186
147,1188
147,1190
147,1191
147,1192
147,1196
147,1197
147,1198
147,1199
147,1200
147,1201
147,1202
147,1205
147,1206
147,1207
147,1208
147,1211
147,1212
147,1213
147,1214
148,413
148,432
148,433
148,434
148,435
148,436
148,437
148,439
148,441
148,444
148,445
148,446
148,447
148,448
148,449
148,451
148,452
148,454
148,457
148,459
148,462
148,464
148,465
148,466
148,472
148,473
148,474
148,476
148,479
148,481
148,483
148,484
148,485
148,487
148,489
148,495
148,496
148,499
148,500
148,503
148,505
148,511
148,521
148,522
148,525
148,526
148,533
148,534
148,536
148,539
148,548
148,1130
148,1133
148,1136
148,1138
148,1139
148,1144
148,1146
148,1153
148,1160
148,1162
148,1163
148,1164
148,1165
148,1167
148,1168
148,1169
148,1170
148,1172
148,1173
148,1174
148,1175
148,1188
148,1190
148,1191
148,1199
148,1210
149,414
149,431
149,432
149,433
149,434
149,436
149,437
149,438
149,439
149,441
149,443
149,444
149,445
149,446
149,447
149,448
149,449
149,450
149,451
149,452
149,454
149,455
149,456
149,459
149,460
149,461
149,462
149,465
149,466
149,467
149,470
149,471
149,472
149,474
149,475
149,476
149,477
149,478
149,479
149,483
149,484
149,485
149,487
149,489
149,495
149,496
149,499
149,500
149,503
149,505
149,508
149,512
149,519
149,522
149,523
149,525
149,528
149,531
149,533
149,534
149,536
149,548
149,1136
149,1138
149,1139
149,1144
149,1151
149,1153
149,1160
149,1161
149,1162
149,1163
149,1164
149,1165
149,1167
149,1168
149,1169
149,1170
149,1172
149,1173
149,1174
149,1175
149,1188
149,1190
149,1210
150,415
150,431
150,432
150,433
150,434
150,436
150,438
150,439
150,441
150,442
150,443
150,445
150,446
150,447
150,448
150,449
150,450
150,451
150,452
150,454
150,455
150,456
150,457
150,459
150,460
150,461
150,462
150,463
150,465
150,466
150,467
150,469
150,472
150,475
150,476
150,477
150,478
150,479
150,480
150,481
150,483
150,484
150,485
150,487
150,489
150,496
150,499
150,500
150,503
150,505
150,508
150,512
150,521
150,522
150,523
150,528
150,529
150,531
150,533
150,534
150,536
150,548
150,1136
150,1139
150,1144
150,1151
150,1160
150,1161
150,1162
150,1163
150,1164
150,1165
150,1167
150,1170
150,1188
150,1190
150,1210
151,416
151,431
151,432
151,433
151,434
151,438
151,439
151,441
151,442
151,443
151,446
151,447
151,449
151,450
151,455
151,456
151,459
151,460
151,461
151,462
151,463
151,464
151,465
151,466
151,467
151,468
151,469
151,470
151,471
151,475
151,477
151,478
151,479
151,480
151,481
151,483
151,484
151,487
151,495
151,496
151,500
151,503
151,505
151,508
151,511
151,512
151,519
151,521
151,522
151,523
151,525
151,526
151,528
151,529
151,531
151,533
151,534
151,535
151,536
151,539
151,548
151,1130
151,1133
151,1136
151,1139
151,1144
151,1146
151,1153
151,1160
151,1162
151,1163
151,1164
151,1165
151,1172
151,1173
151,1174
151,1175
151,1188
151,1190
151,1191
151,1199
151,1210
152,417
152,431
152,432
152,433
152,434
152,436
152,437
152,439
152,440
152,442
152,444
152,445
152,447
152,448
152,449
152,450
152,451
152,452
152,453
152,454
152,455
152,456
152,457
152,458
152,459
152,461
152,462
152,464
152,465
152,466
152,467
152,470
152,472
152,473
152,474
152,479
152,481
152,483
152,484
152,485
152,487
152,489
152,495
152,496
152,503
152,505
152,511
152,512
152,521
152,522
152,523
152,525
152,533
152,534
152,536
152,539
152,548
152,1133
152,1136
152,1138
152,1144
152,1146
152,1150
152,1151
152,1153
152,1160
152,1161
152,1162
152,1163
152,1164
152,1165
152,1167
152,1168
152,1169
152,1170
152,1172
152,1173
152,1174
152,1175
152,1190
152,1210
153,418
153,432
153,433
153,434
153,435
153,436
153,438
153,439
153,440
153,441
153,442
153,443
153,444
153,445
153,446
153,447
153,448
153,450
153,451
153,453
153,455
153,456
153,458
153,459
153,460
153,462
153,463
153,464
153,465
153,466
153,467
153,468
153,469
153,471
153,472
153,473
153,474
153,475
153,477
153,478
153,483
153,484
153,487
153,495
153,496
153,500
153,503
153,505
153,508
153,511
153,519
153,521
153,522
153,523
153,525
153,526
153,528
153,529
153,531
153,533
153,534
153,535
153,536
153,539
153,548
153,1130
153,1136
153,1138
153,1139
153,1140
153,1144
153,1146
153,1150
153,1151
153,1160
153,1161
153,1162
153,1163
153,1164
153,1165
153,1167
153,1168
153,1169
153,1170
153,1172
153,1173
153,1174
153,1175
153,1177
153,1188
153,1190
153,1191
153,1199
153,1210
154,419
154,431
154,432
154,433
154,434
154,436
154,437
154,439
154,442
154,443
154,444
154,445
154,447
154,448
154,449
154,450
154,451
154,452
154,453
154,454
154,455
154,456
154,457
154,458
154,459
154,461
154,464
154,465
154,466
154,467
154,468
154,472
154,473
154,476
154,479
154,480
154,481
154,483
154,484
154,487
154,496
154,503
154,505
154,511
154,512
154,521
154,522
154,523
154,534
154,536
154,539
154,548
154,1133
154,1136
154,1140
154,1144
154,1146
154,1150
154,1151
154,1153
154,1160
154,1161
154,1162
154,1163
154,1164
154,1165
154,1167
154,1170
154,1190
154,1191
154,1210
155,420
155,431
155,432
155,433
155,434
155,437
155,438
155,439
155,440
155,443
155,445
155,446
155,447
155,448
155,449
155,450
155,451
155,452
155,453
155,454
155,455
155,456
155,458
155,459
155,460
155,461
155,463
155,464
155,465
155,466
155,467
155,468
155,470
155,471
155,472
155,473
155,475
155,476
155,477
155,478
155,479
155,480
155,481
155,483
155,484
155,485
155,489
155,495
155,496
155,499
155,500
155,505
155,508
155,519
155,522
155,523
155,525
155,528
155,531
155,533
155,534
155,548
155,1133
155,1138
155,1140
155,1144
155,1146
155,1150
155,1151
155,1153
155,1160
155,1161
155,1167
155,1168
155,1169
155,1170
155,1190
155,1191
155,1199
155,1210
156,421
156,431
156,432
156,434
156,437
156,439
156,440
156,442
156,443
156,444
156,445
156,446
156,447
156,448
156,450
156,451
156,452
156,453
156,454
156,455
156,456
156,457
156,458
156,461
156,463
156,464
156,465
156,466
156,467
156,468
156,470
156,472
156,473
156,476
156,480
156,483
156,484
156,485
156,487
156,489
156,496
156,499
156,500
156,503
156,505
156,511
156,512
156,522
156,526
156,533
156,534
156,536
156,539
156,1130
156,1136
156,1138
156,1139
156,1140
156,1144
156,1146
156,1150
156,1151
156,1160
156,1161
156,1162
156,1163
156,1164
156,1165
156,1172
156,1173
156,1174
156,1175
156,1177
156,1188
156,1190
156,1191
156,1199
156,1210
157,422
157,432
157,433
157,434
157,435
157,436
157,437
157,438
157,439
157,440
157,442
157,443
157,444
157,445
157,447
157,448
157,451
157,452
157,453
157,457
157,458
157,459
157,460
157,462
157,465
157,466
157,471
157,472
157,474
157,475
157,477
157,478
157,479
157,483
157,484
157,485
157,487
157,489
157,495
157,496
157,503
157,505
157,508
157,511
157,512
157,519
157,521
157,522
157,525
157,526
157,528
157,531
157,533
157,534
157,536
157,539
157,548
157,1130
157,1136
157,1138
157,1139
157,1144
157,1150
157,1153
157,1160
157,1161
157,1162
157,1163
157,1164
157,1165
157,1167
157,1168
157,1169
157,1170
157,1172
157,1173
157,1174
157,1175
157,1188
157,1190
157,1191
158,423
158,431
158,432
158,433
158,434
158,435
158,437
158,438
158,439
158,440
158,441
158,442
158,443
158,444
158,445
158,446
158,447
158,448
158,450
158,451
158,452
158,453
158,454
158,455
158,456
158,457
158,458
158,459
158,460
158,461
158,462
158,463
158,464
158,465
158,466
158,467
158,468
158,470
158,472
158,473
158,474
158,475
158,477
158,480
158,481
158,483
158,484
158,487
158,495
158,496
158,500
158,503
158,505
158,508
158,511
158,521
158,522
158,523
158,525
158,526
158,528
158,529
158,533
158,534
158,535
158,536
158,539
158,548
158,1130
158,1133
158,1136
158,1138
158,1139
158,1140
158,1144
158,1146
158,1150
158,1151
158,1153
158,1160
158,1161
158,1162
158,1163
158,1164
158,1165
158,1167
158,1168
158,1169
158,1170
158,1172
158,1175
158,1177
158,1188
158,1190
158,1191
158,1199
158,1210
159,424
159,432
159,433
159,434
159,436
159,438
159,439
159,440
159,441
159,442
159,443
159,446
159,447
159,450
159,453
159,455
159,456
159,458
159,459
159,460
159,461
159,463
159,465
159,466
159,467
159,469
159,470
159,471
159,475
159,476
159,477
159,478
159,479
159,480
159,481
159,483
159,484
159,485
159,489
159,495
159,496
159,499
159,500
159,505
159,508
159,512
159,519
159,521
159,522
159,525
159,526
159,528
159,529
159,531
159,533
159,534
159,535
159,536
159,548
159,1130
159,1138
159,1139
159,1144
159,1150
159,1160
159,1161
159,1167
159,1168
159,1169
159,1170
159,1172
159,1173
159,1174
159,1175
159,1188
159,1190
159,1191
159,1199
160,425
160,431
160,432
160,433
160,434
160,435
160,438
160,439
160,441
160,442
160,443
160,444
160,445
160,446
160,447
160,448
160,449
160,450
160,451
160,453
160,455
160,456
160,458
160,459
160,460
160,461
160,462
160,463
160,464
160,465
160,466
160,467
160,468
160,469
160,470
160,471
160,472
160,473
160,474
160,475
160,476
160,477
160,478
160,479
160,480
160,483
160,484
160,485
160,487
160,489
160,495
160,496
160,499
160,500
160,503
160,505
160,508
160,511
160,519
160,521
160,522
160,523
160,525
160,526
160,528
160,529
160,531
160,533
160,534
160,535
160,536
160,539
160,548
160,1130
160,1136
160,1138
160,1139
160,1140
160,1144
160,1146
160,1151
160,1160
160,1161
160,1162
160,1163
160,1164
160,1165
160,1167
160,1168
160,1169
160,1170
160,1172
160,1175
160,1177
160,1188
160,1190
160,1191
160,1199
160,1210
161,426
161,432
161,433
161,434
161,435
161,436
161,437
161,438
161,439
161,441
161,442
161,443
161,444
161,445
161,446
161,447
161,448
161,449
161,450
161,451
161,452
161,453
161,454
161,455
161,456
161,457
161,458
161,459
161,460
161,462
161,463
161,464
161,465
161,466
161,467
161,468
161,472
161,473
161,474
161,475
161,477
161,479
161,483
161,484
161,487
161,495
161,496
161,500
161,503
161,505
161,508
161,511
161,512
161,521
161,522
161,523
161,525
161,526
161,528
161,529
161,533
161,534
161,535
161,536
161,539
161,548
161,1130
161,1136
161,1138
161,1139
161,1140
161,1144
161,1146
161,1151
161,1160
161,1161
161,1162
161,1163
161,1164
161,1165
161,1167
161,1168
161,1169
161,1170
161,1172
161,1175
161,1177
161,1188
161,1190
161,1191
161,1199
161,1210
162,427
162,428
162,429
162,430
162,431
162,432
162,433
162,434
162,435
162,436
162,437
162,438
162,439
162,440
162,441
162,442
162,443
162,444
162,445
162,446
162,447
162,448
162,449
162,450
162,451
162,452
162,453
162,454
162,455
162,456
162,457
162,458
162,459
162,460
162,461
162,462
162,463
162,464
162,465
162,466
162,467
162,468
162,469
162,470
162,471
162,472
162,473
162,474
162,475
162,476
162,477
162,478
162,479
162,480
162,481
162,482
162,483
162,484
162,485
162,487
162,488
162,489
162,493
162,494
162,495
162,496
162,497
162,498
162,499
162,500
162,501
162,503
162,505
162,508
162,509
162,511
162,512
162,517
162,519
162,521
162,522
162,523
162,525
162,526
162,528
162,529
162,531
162,533
162,534
162,535
162,536
162,537
162,538
162,539
162,540
162,542
162,544
162,545
162,547
162,548
162,1114
162,1119
162,1122
162,1124
162,1125
162,1127
162,1128
162,1129
162,1130
162,1132
162,1133
162,1134
162,1135
162,1136
162,1137
162,1138
162,1139
162,1140
162,1141
162,1144
162,1145
162,1146
162,1150
162,1151
162,1152
162,1153
162,1158
162,1159
162,1160
162,1161
162,1162
162,1163
162,1164
162,1165
162,1166
162,1167
162,1168
162,1169
162,1170
162,1171
162,1172
162,1173
162,1174
162,1175
162,1176
162,1177
162,1178
162,1179
162,1180
162,1185
162,1186
162,1188
162,1190
162,1191
162,1192
162,1196
162,1197
162,1198
162,1199
162,1200
162,1201
162,1202
162,1205
162,1206
162,1207
162,1208
162,1209
162,1210
162,1211
162,1212
162,1213
162,1214
163,482
163,483
163,484
163,485
163,486
163,487
163,488
163,489
163,490
163,491
163,492
163,493
163,494
163,495
163,496
163,497
163,498
163,499
163,500
163,501
163,502
163,503
163,504
163,505
163,506
163,507
163,508
163,509
163,510
163,511
163,512
163,513
163,514
163,515
163,516
163,517
163,518
163,519
163,520
163,521
163,522
163,523
163,524
163,525
163,526
163,527
163,528
163,529
163,530
163,531
163,532
163,533
163,534
163,535
163,536
163,537
163,538
163,539
163,540
163,541
163,542
163,543
163,544
163,545
163,546
163,547
163,548
163,1098
163,1099
163,1100
163,1101
163,1102
163,1103
163,1104
163,1105
163,1106
163,1107
163,1108
163,1109
163,1110
163,1111
163,1112
163,1113
163,1114
163,1115
163,1116
163,1117
163,1118
163,1119
163,1120
163,1121
163,1122
163,1123
163,1124
163,1125
163,1126
163,1127
163,1128
163,1129
163,1130
163,1131
163,1132
163,1133
163,1134
163,1135
163,1136
163,1137
163,1138
163,1139
163,1140
163,1141
163,1142
163,1143
163,1144
163,1145
163,1146
163,1147
163,1148
163,1149
163,1150
163,1151
163,1152
163,1153
163,1154
163,1155
163,1156
163,1157
163,1158
163,1159
163,1160
163,1161
163,1162
163,1163
163,1164
163,1165
163,1166
163,1167
163,1168
163,1169
163,1170
163,1171
163,1172
163,1173
163,1174
163,1175
163,1176
163,1177
163,1178
163,1179
163,1180
163,1181
163,1182
163,1183
163,1184
163,1185
163,1186
163,1187
163,1188
163,1189
163,1190
163,1191
163,1192
163,1193
163,1194
163,1195
163,1196
163,1197
163,1198
163,1199
163,1200
163,1201
163,1202
163,1203
163,1204
163,1205
163,1206
163,1207
163,1208
163,1209
163,1210
163,1211
163,1212
163,1213
163,1214
164,549
164,652
164,653
164,655
164,656
164,657
164,659
164,660
164,661
164,662
164,663
164,664
164,666
164,667
164,668
164,669
164,670
164,671
164,672
164,673
164,674
164,675
164,677
164,678
164,679
164,680
164,683
164,684
164,687
164,688
164,690
164,691
164,692
164,693
164,696
164,697
164,698
164,699
164,700
164,840
164,841
164,842
164,847
164,848
164,849
164,857
164,858
164,859
164,865
164,868
164,872
164,875
164,1044
164,1050
164,1065
164,1096
164,1114
164,1119
164,1125
164,1127
164,1129
164,1135
164,1140
164,1141
164,1144
164,1145
164,1146
164,1152
164,1158
164,1167
164,1170
164,1171
164,1172
164,1173
164,1174
164,1175
164,1176
164,1177
164,1179
164,1190
164,1191
164,1192
164,1197
164,1202
164,1205
164,1207
165,550
165,652
165,653
165,654
165,656
165,657
165,659
165,660
165,661
165,662
165,663
165,664
165,666
165,667
165,668
165,670
165,671
165,672
165,673
165,674
165,675
165,676
165,677
165,678
165,679
165,680
165,681
165,682
165,683
165,684
165,685
165,686
165,687
165,688
165,689
165,690
165,691
165,692
165,693
165,694
165,695
165,697
165,698
165,699
165,701
165,839
165,840
165,841
165,842
165,843
165,844
165,845
165,847
165,848
165,849
165,854
165,858
165,859
165,865
165,866
165,872
165,875
165,1044
165,1050
165,1060
165,1065
165,1086
165,1096
165,1114
165,1119
165,1124
165,1125
165,1127
165,1129
165,1134
165,1135
165,1137
165,1140
165,1141
165,1144
165,1145
165,1146
165,1150
165,1152
165,1158
165,1160
165,1161
165,1162
165,1165
165,1166
165,1167
165,1168
165,1169
165,1170
165,1171
165,1172
165,1173
165,1174
165,1175
165,1177
165,1179
165,1186
165,1190
165,1191
165,1192
165,1197
165,1202
165,1205
165,1206
165,1207
165,1211
166,551
166,591
166,594
166,597
166,598
166,599
166,610
166,613
166,614
166,618
166,620
166,622
166,623
166,624
166,655
166,658
166,662
166,665
166,668
166,669
166,671
166,674
166,675
166,681
166,682
166,683
166,684
166,686
166,689
166,690
166,697
166,698
166,699
166,840
166,841
166,842
166,848
166,849
166,851
166,852
166,853
166,854
166,857
166,858
166,859
166,860
166,861
166,864
166,869
166,873
166,874
166,875
166,1044
166,1050
166,1065
166,1124
166,1130
166,1133
166,1135
166,1139
166,1144
166,1146
166,1150
166,1151
166,1160
166,1161
166,1162
166,1165
166,1167
166,1168
166,1169
166,1170
166,1172
166,1173
166,1174
166,1175
166,1177
166,1190
166,1191
166,1199
167,552
167,591
167,613
167,614
167,615
167,616
167,617
167,618
167,619
167,620
167,621
167,622
167,623
167,624
167,652
167,653
167,655
167,657
167,660
167,662
167,663
167,664
167,669
167,674
167,680
167,681
167,683
167,687
167,691
167,693
167,697
167,700
167,701
167,842
167,845
167,846
167,848
167,849
167,850
167,853
167,855
167,857
167,865
167,868
167,869
167,875
167,877
167,1119
167,1127
167,1129
167,1136
167,1138
167,1144
167,1145
167,1146
167,1150
167,1152
167,1153
167,1160
167,1161
167,1162
167,1163
167,1164
167,1165
167,1166
167,1167
167,1168
167,1169
167,1170
167,1171
167,1172
167,1173
167,1174
167,1175
167,1176
167,1177
167,1178
167,1179
167,1180
167,1185
167,1190
167,1192
167,1205
167,1207
167,1214
168,553
168,591
168,594
168,596
168,597
168,598
168,599
168,610
168,613
168,616
168,618
168,620
168,622
168,623
168,624
168,655
168,662
168,669
168,674
168,681
168,682
168,683
168,697
168,701
168,840
168,841
168,842
168,843
168,844
168,845
168,851
168,852
168,853
168,854
168,856
168,857
168,858
168,859
168,860
168,861
168,864
168,869
168,870
168,873
168,874
168,875
168,1044
168,1050
168,1060
168,1114
168,1124
168,1130
168,1133
168,1139
168,1140
168,1144
168,1146
168,1150
168,1151
168,1160
168,1161
168,1162
168,1163
168,1164
168,1165
168,1167
168,1168
168,1169
168,1170
168,1172
168,1175
168,1177
168,1186
168,1190
168,1191
168,1199
168,1209
169,554
169,591
169,608
169,610
169,613
169,615
169,616
169,617
169,618
169,619
169,620
169,621
169,622
169,623
169,624
169,655
169,662
169,669
169,674
169,681
169,682
169,683
169,697
169,701
169,839
169,842
169,844
169,845
169,846
169,848
169,849
169,850
169,853
169,855
169,857
169,865
169,866
169,869
169,875
169,877
169,1119
169,1127
169,1129
169,1132
169,1136
169,1138
169,1140
169,1144
169,1145
169,1146
169,1152
169,1153
169,1158
169,1160
169,1162
169,1163
169,1164
169,1165
169,1166
169,1167
169,1168
169,1169
169,1170
169,1171
169,1172
169,1173
169,1174
169,1175
169,1176
169,1177
169,1178
169,1179
169,1180
169,1185
169,1188
169,1190
169,1191
169,1192
169,1196
169,1202
169,1205
169,1214
170,555
170,591
170,594
170,595
170,596
170,597
170,598
170,599
170,613
170,614
170,616
170,618
170,620
170,622
170,623
170,624
170,658
170,662
170,665
170,667
170,668
170,669
170,671
170,673
170,675
170,676
170,684
170,685
170,686
170,689
170,690
170,694
170,697
170,698
170,699
170,840
170,841
170,842
170,843
170,844
170,845
170,847
170,848
170,849
170,851
170,852
170,854
170,856
170,857
170,858
170,859
170,860
170,861
170,864
170,870
170,874
170,875
170,1044
170,1050
170,1060
170,1065
170,1114
170,1124
170,1130
170,1133
170,1139
170,1144
170,1146
170,1160
170,1162
170,1163
170,1164
170,1165
170,1172
170,1173
170,1174
170,1175
170,1186
170,1190
170,1191
170,1199
170,1209
171,556
171,591
171,594
171,595
171,596
171,597
171,598
171,599
171,610
171,613
171,614
171,618
171,620
171,622
171,623
171,624
171,655
171,658
171,662
171,667
171,669
171,671
171,673
171,674
171,675
171,676
171,681
171,683
171,684
171,686
171,689
171,690
171,697
171,698
171,699
171,840
171,841
171,842
171,843
171,847
171,848
171,849
171,851
171,852
171,853
171,854
171,857
171,858
171,859
171,860
171,861
171,869
171,873
171,874
171,875
171,1044
171,1050
171,1060
171,1065
171,1124
171,1130
171,1135
171,1139
171,1144
171,1150
171,1160
171,1161
171,1167
171,1168
171,1169
171,1170
171,1172
171,1173
171,1174
171,1175
171,1190
171,1191
171,1199
172,557
172,591
172,608
172,609
172,613
172,614
172,615
172,616
172,617
172,618
172,619
172,620
172,621
172,622
172,623
172,624
172,651
172,653
172,655
172,657
172,660
172,662
172,664
172,669
172,674
172,678
172,680
172,681
172,683
172,687
172,691
172,693
172,696
172,697
172,700
172,842
172,845
172,846
172,848
172,849
172,857
172,865
172,868
172,875
172,877
172,1119
172,1127
172,1129
172,1136
172,1138
172,1144
172,1145
172,1146
172,1150
172,1152
172,1153
172,1158
172,1160
172,1161
172,1162
172,1163
172,1164
172,1165
172,1166
172,1167
172,1168
172,1169
172,1170
172,1177
172,1178
172,1179
172,1180
172,1190
172,1192
172,1202
172,1205
172,1206
172,1207
172,1214
173,558
173,591
173,608
173,609
173,610
173,613
173,614
173,615
173,617
173,618
173,619
173,620
173,621
173,622
173,623
173,624
173,651
173,652
173,653
173,656
173,657
173,660
173,663
173,664
173,674
173,678
173,680
173,681
173,683
173,687
173,688
173,691
173,693
173,696
173,700
173,839
173,842
173,845
173,846
173,853
173,855
173,857
173,865
173,866
173,875
173,877
173,1119
173,1127
173,1129
173,1132
173,1136
173,1138
173,1140
173,1144
173,1145
173,1150
173,1152
173,1153
173,1158
173,1160
173,1161
173,1162
173,1163
173,1164
173,1165
173,1166
173,1172
173,1173
173,1174
173,1175
173,1176
173,1179
173,1180
173,1185
173,1188
173,1190
173,1191
173,1192
173,1196
173,1202
173,1205
173,1206
173,1207
173,1214
174,559
174,592
174,593
174,595
174,596
174,597
174,598
174,599
174,600
174,601
174,602
174,603
174,604
174,605
174,606
174,607
174,616
174,618
174,620
174,622
174,655
174,658
174,665
174,668
174,671
174,674
174,675
174,681
174,683
174,684
174,686
174,689
174,690
174,694
174,698
174,699
174,701
174,840
174,841
174,843
174,844
174,845
174,847
174,848
174,849
174,853
174,854
174,856
174,858
174,859
174,864
174,869
174,870
174,1044
174,1050
174,1060
174,1065
174,1114
174,1133
174,1135
174,1144
174,1146
174,1150
174,1151
174,1160
174,1161
174,1162
174,1163
174,1164
174,1165
174,1167
174,1168
174,1169
174,1170
174,1172
174,1173
174,1174
174,1175
174,1186
174,1190
174,1209
175,560
175,592
175,595
175,597
175,598
175,599
175,600
175,601
175,602
175,604
175,605
175,606
175,607
175,613
175,614
175,618
175,620
175,622
175,623
175,624
175,655
175,658
175,662
175,669
175,674
175,681
175,682
175,683
175,686
175,689
175,694
175,697
175,701
175,840
175,841
175,842
175,843
175,844
175,845
175,847
175,848
175,849
175,853
175,854
175,856
175,857
175,858
175,859
175,861
175,869
175,870
175,874
175,875
175,1044
175,1050
175,1060
175,1065
175,1114
175,1124
175,1130
175,1135
175,1139
175,1144
175,1150
175,1160
175,1161
175,1162
175,1163
175,1164
175,1165
175,1167
175,1168
175,1169
175,1170
175,1172
175,1173
175,1174
175,1175
175,1186
175,1190
175,1191
176,561
176,591
176,595
176,597
176,598
176,599
176,600
176,601
176,602
176,603
176,604
176,605
176,607
176,613
176,614
176,618
176,620
176,622
176,623
176,624
176,655
176,658
176,662
176,665
176,674
176,681
176,682
176,686
176,689
176,697
176,701
176,840
176,841
176,842
176,843
176,844
176,845
176,847
176,856
176,858
176,859
176,860
176,861
176,864
176,870
176,873
176,874
176,875
176,1044
176,1050
176,1060
176,1065
176,1114
176,1124
176,1130
176,1133
176,1139
176,1144
176,1146
176,1150
176,1151
176,1160
176,1161
176,1162
176,1163
176,1164
176,1165
176,1167
176,1170
176,1172
176,1173
176,1174
176,1175
176,1177
176,1190
176,1191
177,562
177,591
177,595
177,596
177,597
177,598
177,599
177,600
177,601
177,602
177,603
177,604
177,605
177,607
177,616
177,618
177,620
177,622
177,623
177,624
177,655
177,662
177,668
177,669
177,671
177,674
177,675
177,681
177,682
177,683
177,684
177,690
177,697
177,698
177,699
177,840
177,841
177,842
177,847
177,848
177,849
177,856
177,857
177,858
177,859
177,860
177,861
177,864
177,870
177,873
177,874
177,875
177,1044
177,1050
177,1065
177,1130
177,1133
177,1135
177,1140
177,1144
177,1146
177,1150
177,1151
177,1160
177,1161
177,1162
177,1165
177,1167
177,1168
177,1169
177,1170
177,1172
177,1173
177,1174
177,1175
177,1177
177,1186
177,1190
177,1191
177,1199
178,563
178,591
178,608
178,609
178,610
178,611
178,613
178,617
178,619
178,620
178,621
178,622
178,623
178,624
178,626
178,627
178,628
178,629
178,630
178,631
178,655
178,657
178,660
178,662
178,663
178,664
178,669
178,674
178,681
178,683
178,691
178,693
178,697
178,700
178,701
178,842
178,844
178,845
178,846
178,848
178,849
178,850
178,853
178,855
178,857
178,866
178,868
178,869
178,875
178,1127
178,1129
178,1132
178,1138
178,1144
178,1145
178,1150
178,1153
178,1160
178,1161
178,1162
178,1163
178,1164
178,1165
178,1166
178,1167
178,1168
178,1169
178,1170
178,1171
178,1172
178,1173
178,1174
178,1175
178,1176
178,1178
178,1179
178,1180
178,1185
178,1188
178,1190
178,1192
178,1205
178,1206
178,1207
178,1214
179,564
179,591
179,609
179,611
179,613
179,614
179,617
179,618
179,619
179,620
179,621
179,622
179,623
179,624
179,626
179,627
179,628
179,629
179,630
179,631
179,652
179,653
179,655
179,669
179,674
179,680
179,682
179,683
179,687
179,697
179,701
179,839
179,842
179,845
179,846
179,848
179,849
179,850
179,853
179,855
179,857
179,865
179,869
179,875
179,877
179,1127
179,1129
179,1132
179,1138
179,1140
179,1144
179,1145
179,1153
179,1158
179,1162
179,1164
179,1165
179,1166
179,1167
179,1168
179,1169
179,1170
179,1171
179,1172
179,1173
179,1174
179,1175
179,1176
179,1178
179,1179
179,1180
179,1185
179,1188
179,1190
179,1191
179,1192
179,1202
179,1205
179,1206
179,1207
180,565
180,609
180,611
180,613
180,614
180,617
180,618
180,619
180,620
180,621
180,622
180,623
180,624
180,625
180,626
180,627
180,629
180,630
180,631
180,632
180,653
180,655
180,656
180,662
180,669
180,674
180,680
180,681
180,682
180,683
180,687
180,697
180,701
180,839
180,842
180,845
180,846
180,848
180,849
180,857
180,865
180,866
180,868
180,875
180,877
180,1119
180,1127
180,1129
180,1132
180,1138
180,1140
180,1144
180,1145
180,1146
180,1150
180,1158
180,1160
180,1161
180,1162
180,1164
180,1165
180,1166
180,1167
180,1168
180,1169
180,1170
180,1172
180,1173
180,1174
180,1175
180,1176
180,1177
180,1179
180,1180
180,1188
180,1190
180,1191
180,1192
180,1202
180,1205
180,1206
180,1207
181,566
181,608
181,609
181,610
181,611
181,612
181,613
181,617
181,619
181,621
181,623
181,624
181,625
181,626
181,627
181,628
181,629
181,630
181,631
181,632
181,652
181,653
181,655
181,656
181,657
181,660
181,662
181,663
181,664
181,669
181,680
181,682
181,687
181,691
181,693
181,697
181,700
181,839
181,842
181,848
181,849
181,850
181,853
181,855
181,857
181,866
181,868
181,875
181,1119
181,1127
181,1129
181,1132
181,1140
181,1145
181,1146
181,1150
181,1158
181,1161
181,1162
181,1163
181,1164
181,1165
181,1167
181,1169
181,1170
181,1171
181,1172
181,1173
181,1174
181,1175
181,1176
181,1177
181,1179
181,1185
181,1188
181,1191
181,1192
181,1196
181,1202
181,1205
181,1206
181,1207
182,567
182,592
182,593
182,594
182,596
182,597
182,598
182,599
182,600
182,601
182,602
182,603
182,604
182,605
182,606
182,607
182,610
182,616
182,618
182,620
182,622
182,655
182,658
182,665
182,676
182,682
182,686
182,689
182,694
182,701
182,840
182,841
182,844
182,845
182,847
182,848
182,849
182,851
182,853
182,854
182,856
182,858
182,859
182,861
182,869
182,870
182,873
182,1044
182,1050
182,1060
182,1065
182,1114
182,1124
182,1130
182,1133
182,1135
182,1139
182,1144
182,1146
182,1160
182,1162
182,1163
182,1164
182,1165
182,1167
182,1168
182,1169
182,1170
182,1172
182,1173
182,1174
182,1175
182,1186
182,1190
182,1191
182,1199
182,1209
183,568
183,592
183,594
183,597
183,598
183,599
183,601
183,602
183,603
183,604
183,605
183,606
183,607
183,610
183,613
183,614
183,618
183,620
183,622
183,623
183,624
183,655
183,658
183,662
183,665
183,668
183,669
183,671
183,675
183,676
183,684
183,686
183,689
183,690
183,694
183,697
183,698
183,699
183,701
183,840
183,841
183,842
183,843
183,844
183,845
183,848
183,849
183,851
183,853
183,854
183,857
183,858
183,859
183,864
183,869
183,873
183,874
183,875
183,1044
183,1050
183,1060
183,1065
183,1114
183,1124
183,1135
183,1139
183,1144
183,1151
183,1160
183,1161
183,1162
183,1163
183,1164
183,1165
183,1167
183,1168
183,1169
183,1170
183,1172
183,1173
183,1174
183,1175
183,1186
183,1190
183,1209
184,569
184,591
184,593
184,594
184,595
184,597
184,598
184,599
184,601
184,602
184,604
184,605
184,606
184,613
184,614
184,616
184,618
184,620
184,622
184,623
184,624
184,655
184,662
184,669
184,671
184,673
184,674
184,675
184,676
184,681
184,682
184,683
184,685
184,686
184,689
184,690
184,694
184,697
184,699
184,701
184,840
184,841
184,842
184,844
184,845
184,847
184,848
184,849
184,851
184,852
184,854
184,856
184,857
184,858
184,859
184,860
184,861
184,864
184,870
184,874
184,875
184,1044
184,1050
184,1060
184,1065
184,1114
184,1124
184,1130
184,1135
184,1139
184,1140
184,1144
184,1146
184,1150
184,1151
184,1160
184,1161
184,1162
184,1163
184,1164
184,1165
184,1167
184,1168
184,1169
184,1170
184,1172
184,1173
184,1174
184,1175
184,1177
184,1190
184,1191
184,1199
184,1209
185,570
185,591
185,609
185,610
185,612
185,613
185,614
185,615
185,617
185,618
185,619
185,620
185,621
185,622
185,623
185,624
185,626
185,627
185,629
185,630
185,632
185,655
185,656
185,660
185,662
185,669
185,674
185,678
185,680
185,681
185,682
185,683
185,687
185,688
185,691
185,693
185,696
185,697
185,700
185,701
185,839
185,842
185,844
185,845
185,846
185,848
185,849
185,850
185,853
185,857
185,865
185,868
185,869
185,875
185,877
185,1119
185,1127
185,1129
185,1132
185,1136
185,1138
185,1140
185,1144
185,1145
185,1150
185,1152
185,1153
185,1160
185,1161
185,1162
185,1164
185,1165
185,1166
185,1167
185,1168
185,1169
185,1170
185,1171
185,1172
185,1173
185,1174
185,1175
185,1179
185,1180
185,1185
185,1188
185,1190
185,1191
185,1192
185,1196
185,1202
185,1205
185,1206
185,1207
185,1214
186,571
186,613
186,614
186,615
186,616
186,617
186,618
186,619
186,620
186,621
186,622
186,623
186,624
186,625
186,626
186,627
186,628
186,629
186,630
186,631
186,632
186,652
186,653
186,655
186,656
186,657
186,660
186,663
186,664
186,674
186,678
186,680
186,681
186,682
186,683
186,687
186,691
186,693
186,700
186,839
186,842
186,849
186,850
186,857
186,865
186,866
186,868
186,875
186,877
186,1119
186,1127
186,1129
186,1138
186,1140
186,1144
186,1145
186,1146
186,1150
186,1152
186,1158
186,1160
186,1161
186,1162
186,1163
186,1164
186,1165
186,1167
186,1169
186,1170
186,1171
186,1172
186,1173
186,1174
186,1175
186,1176
186,1177
186,1178
186,1179
186,1185
186,1190
186,1191
186,1192
186,1196
186,1202
186,1205
186,1207
187,572
187,608
187,610
187,611
187,612
187,613
187,615
187,616
187,617
187,619
187,621
187,623
187,624
187,625
187,626
187,627
187,628
187,629
187,630
187,631
187,632
187,652
187,653
187,655
187,656
187,678
187,680
187,682
187,687
187,701
187,839
187,842
187,845
187,846
187,853
187,855
187,857
187,865
187,866
187,868
187,875
187,877
187,1119
187,1127
187,1129
187,1132
187,1140
187,1145
187,1146
187,1150
187,1152
187,1161
187,1162
187,1164
187,1165
187,1166
187,1167
187,1168
187,1169
187,1170
187,1171
187,1172
187,1173
187,1174
187,1175
187,1177
187,1178
187,1179
187,1180
187,1188
187,1191
187,1192
187,1196
187,1202
187,1205
187,1206
187,1207
187,1214
188,573
188,592
188,593
188,595
188,596
188,597
188,598
188,599
188,600
188,601
188,602
188,603
188,604
188,605
188,606
188,607
188,610
188,614
188,616
188,618
188,620
188,622
188,655
188,658
188,665
188,667
188,668
188,671
188,674
188,675
188,681
188,684
188,685
188,686
188,689
188,690
188,699
188,840
188,841
188,843
188,844
188,845
188,847
188,856
188,858
188,859
188,864
188,870
188,1044
188,1050
188,1060
188,1065
188,1114
188,1133
188,1140
188,1144
188,1146
188,1150
188,1151
188,1160
188,1161
188,1162
188,1163
188,1164
188,1165
188,1167
188,1170
188,1186
188,1190
188,1191
188,1209
189,574
189,592
189,593
189,594
189,595
189,597
189,598
189,599
189,600
189,601
189,602
189,603
189,604
189,605
189,606
189,607
189,610
189,614
189,616
189,618
189,620
189,622
189,667
189,668
189,671
189,673
189,674
189,675
189,681
189,683
189,684
189,685
189,690
189,698
189,699
189,840
189,841
189,843
189,844
189,845
189,851
189,853
189,854
189,856
189,858
189,859
189,861
189,869
189,870
189,873
189,1044
189,1050
189,1060
189,1114
189,1124
189,1130
189,1135
189,1139
189,1140
189,1144
189,1146
189,1150
189,1151
189,1160
189,1161
189,1162
189,1163
189,1164
189,1165
189,1172
189,1173
189,1174
189,1175
189,1177
189,1190
189,1191
189,1199
189,1209
190,575
190,591
190,594
190,595
190,596
190,597
190,598
190,599
190,600
190,601
190,602
190,603
190,604
190,605
190,607
190,610
190,616
190,618
190,620
190,622
190,623
190,624
190,658
190,662
190,665
190,667
190,668
190,669
190,671
190,673
190,674
190,675
190,676
190,681
190,683
190,684
190,685
190,686
190,689
190,690
190,697
190,698
190,699
190,840
190,841
190,842
190,843
190,847
190,848
190,849
190,851
190,852
190,853
190,854
190,857
190,858
190,859
190,864
190,869
190,873
190,874
190,875
190,1044
190,1050
190,1060
190,1065
190,1133
190,1135
190,1144
190,1146
190,1150
190,1151
190,1160
190,1161
190,1167
190,1168
190,1169
190,1170
190,1186
190,1190
190,1199
190,1209
191,576
191,591
191,593
191,594
191,595
191,597
191,598
191,599
191,601
191,602
191,604
191,605
191,606
191,610
191,613
191,614
191,616
191,618
191,620
191,622
191,623
191,624
191,658
191,662
191,665
191,667
191,668
191,669
191,671
191,673
191,674
191,675
191,676
191,681
191,682
191,684
191,685
191,686
191,689
191,690
191,694
191,697
191,698
191,699
191,701
191,840
191,841
191,842
191,844
191,845
191,847
191,848
191,849
191,851
191,852
191,853
191,854
191,856
191,857
191,858
191,859
191,860
191,861
191,864
191,869
191,870
191,873
191,874
191,875
191,1044
191,1050
191,1060
191,1065
191,1114
191,1124
191,1130
191,1135
191,1139
191,1140
191,1144
191,1146
191,1151
191,1160
191,1161
191,1162
191,1163
191,1164
191,1165
191,1167
191,1168
191,1169
191,1170
191,1172
191,1175
191,1177
191,1190
191,1191
191,1199
191,1209
192,577
192,591
192,608
192,609
192,610
192,611
192,613
192,615
192,616
192,617
192,619
192,620
192,621
192,622
192,623
192,624
192,626
192,627
192,628
192,629
192,630
192,631
192,651
192,652
192,653
192,657
192,660
192,662
192,663
192,664
192,669
192,674
192,678
192,680
192,681
192,683
192,687
192,688
192,691
192,693
192,696
192,697
192,700
192,842
192,848
192,849
192,850
192,853
192,855
192,857
192,866
192,868
192,875
192,1119
192,1127
192,1129
192,1136
192,1138
192,1144
192,1145
192,1146
192,1150
192,1152
192,1158
192,1160
192,1161
192,1167
192,1168
192,1169
192,1170
192,1171
192,1177
192,1178
192,1179
192,1185
192,1190
192,1192
192,1196
192,1202
192,1205
192,1206
192,1207
192,1214
193,578
193,609
193,610
193,611
193,612
193,613
193,614
193,615
193,616
193,617
193,619
193,621
193,623
193,624
193,625
193,626
193,627
193,628
193,629
193,630
193,631
193,632
193,651
193,657
193,660
193,662
193,663
193,664
193,669
193,688
193,691
193,693
193,696
193,697
193,700
193,839
193,842
193,844
193,845
193,846
193,848
193,849
193,850
193,853
193,857
193,865
193,868
193,869
193,875
193,877
193,1119
193,1127
193,1129
193,1132
193,1140
193,1145
193,1146
193,1152
193,1158
193,1162
193,1163
193,1164
193,1165
193,1166
193,1172
193,1173
193,1174
193,1175
193,1176
193,1177
193,1178
193,1179
193,1180
193,1188
193,1191
193,1192
193,1196
193,1202
193,1205
193,1214
194,579
194,591
194,609
194,610
194,612
194,613
194,614
194,615
194,616
194,617
194,618
194,619
194,620
194,621
194,622
194,623
194,624
194,626
194,627
194,629
194,630
194,632
194,651
194,652
194,653
194,656
194,657
194,660
194,663
194,664
194,669
194,674
194,678
194,680
194,681
194,682
194,683
194,687
194,688
194,691
194,693
194,696
194,697
194,700
194,701
194,839
194,842
194,844
194,845
194,846
194,849
194,850
194,853
194,857
194,865
194,868
194,869
194,875
194,877
194,1119
194,1127
194,1129
194,1132
194,1136
194,1138
194,1140
194,1144
194,1145
194,1146
194,1150
194,1152
194,1153
194,1160
194,1161
194,1162
194,1163
194,1164
194,1165
194,1166
194,1167
194,1168
194,1169
194,1170
194,1171
194,1172
194,1173
194,1174
194,1175
194,1177
194,1178
194,1179
194,1180
194,1185
194,1188
194,1190
194,1191
194,1192
194,1196
194,1202
194,1205
194,1206
194,1207
194,1214
195,580
195,608
195,609
195,610
195,611
195,612
195,613
195,614
195,616
195,617
195,619
195,621
195,623
195,624
195,625
195,626
195,627
195,628
195,629
195,630
195,631
195,632
195,651
195,652
195,653
195,655
195,660
195,663
195,664
195,669
195,680
195,687
195,688
195,691
195,693
195,697
195,700
195,839
195,842
195,844
195,845
195,848
195,849
195,850
195,853
195,855
195,857
195,866
195,875
195,1127
195,1129
195,1132
195,1140
195,1145
195,1158
195,1167
195,1168
195,1169
195,1170
195,1171
195,1172
195,1173
195,1174
195,1175
195,1176
195,1179
195,1185
195,1188
195,1191
195,1192
195,1196
195,1202
195,1205
195,1206
195,1207
196,581
196,592
196,593
196,594
196,596
196,597
196,598
196,599
196,601
196,602
196,603
196,604
196,605
196,607
196,610
196,613
196,614
196,616
196,618
196,620
196,622
196,623
196,624
196,658
196,662
196,665
196,667
196,668
196,669
196,671
196,673
196,674
196,675
196,681
196,683
196,684
196,685
196,686
196,689
196,690
196,697
196,698
196,699
196,840
196,841
196,842
196,848
196,849
196,851
196,853
196,854
196,857
196,858
196,859
196,864
196,869
196,873
196,874
196,875
196,1044
196,1050
196,1065
196,1133
196,1135
196,1140
196,1144
196,1146
196,1150
196,1151
196,1160
196,1161
196,1167
196,1168
196,1169
196,1170
196,1186
196,1190
196,1191
196,1199
196,1209
197,582
197,591
197,594
197,595
197,596
197,597
197,598
197,599
197,600
197,601
197,602
197,603
197,604
197,605
197,607
197,610
197,613
197,614
197,618
197,620
197,622
197,623
197,624
197,655
197,658
197,662
197,665
197,667
197,668
197,671
197,673
197,675
197,676
197,684
197,686
197,689
197,690
197,694
197,697
197,699
197,840
197,841
197,842
197,843
197,844
197,845
197,847
197,851
197,852
197,853
197,854
197,858
197,859
197,864
197,869
197,873
197,874
197,875
197,1044
197,1050
197,1060
197,1065
197,1114
197,1124
197,1139
197,1144
197,1151
197,1160
197,1161
197,1162
197,1163
197,1164
197,1165
197,1167
197,1170
197,1190
197,1209
198,583
198,592
198,593
198,595
198,596
198,597
198,598
198,599
198,600
198,601
198,602
198,604
198,605
198,607
198,610
198,613
198,614
198,616
198,618
198,620
198,622
198,623
198,624
198,655
198,662
198,667
198,669
198,671
198,674
198,675
198,681
198,683
198,684
198,685
198,690
198,697
198,698
198,699
198,840
198,841
198,842
198,847
198,848
198,849
198,856
198,857
198,858
198,859
198,861
198,870
198,874
198,875
198,1044
198,1050
198,1065
198,1130
198,1133
198,1135
198,1140
198,1144
198,1146
198,1150
198,1160
198,1161
198,1167
198,1168
198,1169
198,1170
198,1172
198,1173
198,1174
198,1175
198,1177
198,1186
198,1190
198,1191
198,1199
199,584
199,592
199,593
199,594
199,595
199,597
199,598
199,599
199,600
199,601
199,602
199,603
199,604
199,605
199,606
199,607
199,614
199,616
199,618
199,620
199,622
199,623
199,624
199,655
199,658
199,662
199,665
199,671
199,673
199,674
199,675
199,676
199,681
199,682
199,685
199,686
199,689
199,690
199,694
199,697
199,699
199,701
199,840
199,841
199,842
199,843
199,844
199,845
199,847
199,848
199,849
199,851
199,852
199,854
199,856
199,858
199,859
199,860
199,861
199,864
199,870
199,875
199,1044
199,1050
199,1060
199,1065
199,1114
199,1124
199,1130
199,1135
199,1139
199,1140
199,1144
199,1146
199,1151
199,1160
199,1161
199,1162
199,1163
199,1164
199,1165
199,1167
199,1168
199,1169
199,1170
199,1172
199,1175
199,1177
199,1190
199,1191
199,1199
199,1209
200,585
200,586
200,587
200,588
200,589
200,590
200,591
200,592
200,593
200,594
200,595
200,596
200,597
200,598
200,599
200,600
200,601
200,602
200,603
200,604
200,605
200,606
200,607
200,608
200,609
200,610
200,611
200,612
200,613
200,614
200,615
200,616
200,617
200,618
200,619
200,620
200,621
200,622
200,623
200,624
200,625
200,626
200,627
200,628
200,629
200,630
200,631
200,632
200,651
200,652
200,653
200,654
200,655
200,656
200,657
200,658
200,659
200,660
200,661
200,662
200,663
200,664
200,665
200,666
200,667
200,668
200,669
200,670
200,671
200,672
200,673
200,674
200,675
200,676
200,677
200,678
200,679
200,680
200,681
200,682
200,683
200,684
200,685
200,686
200,687
200,688
200,689
200,690
200,691
200,692
200,693
200,694
200,695
200,696
200,697
200,698
200,699
200,700
200,701
200,839
200,840
200,841
200,842
200,843
200,844
200,845
200,846
200,847
200,848
200,849
200,850
200,851
200,852
200,853
200,854
200,855
200,856
200,857
200,858
200,859
200,860
200,861
200,862
200,863
200,864
200,865
200,866
200,867
200,868
200,869
200,870
200,871
200,872
200,873
200,874
200,875
200,876
200,877
200,1044
200,1050
200,1060
200,1065
200,1086
200,1096
200,1114
200,1119
200,1122
200,1124
200,1125
200,1127
200,1128
200,1129
200,1130
200,1132
200,1133
200,1134
200,1135
200,1136
200,1137
200,1138
200,1139
200,1140
200,1141
200,1144
200,1145
200,1146
200,1150
200,1151
200,1152
200,1153
200,1158
200,1159
200,1160
200,1161
200,1162
200,1163
200,1164
200,1165
200,1166
200,1167
200,1168
200,1169
200,1170
200,1171
200,1172
200,1173
200,1174
200,1175
200,1176
200,1177
200,1178
200,1179
200,1180
200,1185
200,1186
200,1188
200,1190
200,1191
200,1192
200,1196
200,1199
200,1200
200,1201
200,1202
200,1205
200,1206
200,1207
200,1208
200,1209
200,1212
200,1213
200,1214
201,633
201,655
201,658
201,663
201,665
201,667
201,668
201,671
201,673
201,674
201,675
201,676
201,681
201,682
201,683
201,685
201,686
201,688
201,689
201,690
201,691
201,693
201,694
201,696
201,698
201,699
201,701
201,840
201,841
201,843
201,844
201,845
201,847
201,848
201,849
201,851
201,853
201,854
201,858
201,859
201,863
201,865
201,869
201,872
201,1044
201,1050
201,1060
201,1065
201,1096
201,1114
201,1119
201,1124
201,1125
201,1127
201,1129
201,1134
201,1135
201,1137
201,1140
201,1141
201,1144
201,1145
201,1146
201,1152
201,1158
201,1160
201,1162
201,1165
201,1166
201,1167
201,1168
201,1169
201,1170
201,1171
201,1172
201,1173
201,1174
201,1175
201,1176
201,1177
201,1179
201,1186
201,1190
201,1191
201,1192
201,1197
201,1202
201,1205
201,1211
202,634
202,652
202,653
202,655
202,658
202,659
202,661
202,663
202,665
202,667
202,668
202,671
202,672
202,673
202,674
202,675
202,677
202,679
202,680
202,681
202,683
202,684
202,686
202,687
202,688
202,689
202,690
202,691
202,692
202,693
202,694
202,695
202,698
202,699
202,701
202,840
202,841
202,843
202,844
202,845
202,847
202,848
202,849
202,851
202,853
202,854
202,858
202,859
202,865
202,869
202,1044
202,1050
202,1060
202,1065
202,1086
202,1096
202,1114
202,1119
202,1125
202,1127
202,1129
202,1135
202,1137
202,1141
202,1144
202,1145
202,1146
202,1150
202,1152
202,1160
202,1161
202,1162
202,1163
202,1164
202,1165
202,1166
202,1167
202,1168
202,1169
202,1170
202,1171
202,1172
202,1175
202,1176
202,1177
202,1179
202,1186
202,1190
202,1192
202,1205
202,1206
202,1207
202,1211
203,635
203,653
203,655
203,658
203,661
203,663
203,664
203,665
203,666
203,667
203,668
203,670
203,671
203,672
203,673
203,674
203,675
203,677
203,678
203,679
203,680
203,681
203,683
203,684
203,686
203,687
203,688
203,689
203,690
203,691
203,692
203,693
203,695
203,696
203,698
203,699
203,840
203,841
203,843
203,844
203,845
203,858
203,859
203,865
203,1044
203,1050
203,1060
203,1065
203,1086
203,1096
203,1114
203,1119
203,1127
203,1129
203,1135
203,1137
203,1141
203,1144
203,1145
203,1146
203,1150
203,1152
203,1160
203,1161
203,1162
203,1163
203,1164
203,1165
203,1166
203,1167
203,1168
203,1169
203,1170
203,1177
203,1179
203,1186
203,1190
203,1192
203,1202
203,1205
203,1206
203,1207
203,1211
204,636
204,652
204,653
204,654
204,656
204,659
204,661
204,663
204,664
204,666
204,667
204,668
204,670
204,671
204,672
204,674
204,675
204,677
204,678
204,679
204,680
204,681
204,683
204,684
204,685
204,687
204,688
204,690
204,691
204,692
204,693
204,695
204,696
204,698
204,699
204,840
204,841
204,843
204,844
204,845
204,851
204,853
204,854
204,858
204,859
204,863
204,865
204,869
204,872
204,1044
204,1050
204,1060
204,1096
204,1114
204,1119
204,1124
204,1125
204,1127
204,1129
204,1134
204,1135
204,1137
204,1140
204,1144
204,1145
204,1150
204,1158
204,1160
204,1161
204,1162
204,1163
204,1164
204,1165
204,1166
204,1172
204,1173
204,1174
204,1175
204,1176
204,1179
204,1186
204,1190
204,1191
204,1192
204,1197
204,1202
204,1205
204,1206
204,1207
204,1211
205,637
205,655
205,657
205,658
205,659
205,660
205,661
205,662
205,663
205,664
205,665
205,667
205,668
205,669
205,672
205,674
205,675
205,676
205,677
205,679
205,681
205,683
205,685
205,686
205,689
205,690
205,691
205,692
205,693
205,694
205,695
205,696
205,697
205,698
205,699
205,700
205,701
205,840
205,841
205,842
205,843
205,844
205,845
205,847
205,848
205,849
205,851
205,853
205,854
205,857
205,858
205,859
205,863
205,868
205,869
205,875
205,1044
205,1050
205,1060
205,1065
205,1086
205,1124
205,1125
205,1127
205,1129
205,1134
205,1135
205,1137
205,1141
205,1144
205,1145
205,1150
205,1160
205,1161
205,1162
205,1163
205,1164
205,1165
205,1166
205,1167
205,1168
205,1169
205,1170
205,1171
205,1172
205,1175
205,1176
205,1179
205,1186
205,1190
205,1192
205,1205
205,1206
205,1207
205,1211
206,638
206,651
206,652
206,653
206,654
206,655
206,656
206,657
206,660
206,661
206,662
206,663
206,664
206,666
206,668
206,669
206,674
206,675
206,676
206,677
206,678
206,679
206,680
206,682
206,683
206,684
206,685
206,686
206,687
206,688
206,689
206,690
206,691
206,692
206,693
206,694
206,697
206,698
206,699
206,700
206,701
206,839
206,840
206,841
206,842
206,843
206,844
206,845
206,847
206,848
206,849
206,854
206,857
206,858
206,859
206,865
206,866
206,868
206,872
206,875
206,1044
206,1050
206,1060
206,1065
206,1086
206,1096
206,1114
206,1119
206,1124
206,1125
206,1127
206,1129
206,1134
206,1137
206,1140
206,1144
206,1145
206,1150
206,1158
206,1161
206,1162
206,1165
206,1166
206,1167
206,1168
206,1169
206,1170
206,1171
206,1172
206,1173
206,1174
206,1175
206,1176
206,1179
206,1186
206,1190
206,1191
206,1192
206,1197
206,1202
206,1205
206,1206
206,1207
206,1211
207,639
207,652
207,653
207,654
207,657
207,658
207,659
207,660
207,661
207,662
207,663
207,664
207,665
207,666
207,667
207,668
207,669
207,670
207,672
207,673
207,674
207,675
207,677
207,678
207,679
207,680
207,681
207,683
207,685
207,686
207,687
207,688
207,689
207,690
207,691
207,692
207,693
207,695
207,696
207,697
207,698
207,699
207,700
207,840
207,841
207,842
207,847
207,848
207,849
207,851
207,853
207,854
207,857
207,858
207,859
207,863
207,868
207,869
207,875
207,1044
207,1050
207,1065
207,1086
207,1114
207,1119
207,1125
207,1127
207,1129
207,1135
207,1141
207,1144
207,1145
207,1146
207,1150
207,1152
207,1160
207,1161
207,1167
207,1168
207,1169
207,1170
207,1171
207,1177
207,1179
207,1190
207,1192
207,1197
207,1202
207,1205
207,1206
207,1207
207,1211
208,640
208,651
208,654
208,655
208,657
208,658
208,660
208,661
208,662
208,663
208,664
208,665
208,668
208,670
208,671
208,672
208,673
208,674
208,675
208,676
208,677
208,679
208,681
208,683
208,684
208,685
208,686
208,689
208,690
208,691
208,692
208,693
208,694
208,695
208,696
208,697
208,698
208,699
208,700
208,839
208,840
208,841
208,842
208,843
208,844
208,845
208,851
208,853
208,854
208,858
208,859
208,863
208,868
208,869
208,875
208,1044
208,1050
208,1060
208,1065
208,1086
208,1124
208,1127
208,1129
208,1134
208,1135
208,1137
208,1144
208,1145
208,1150
208,1160
208,1161
208,1162
208,1163
208,1164
208,1165
208,1166
208,1167
208,1168
208,1169
208,1170
208,1179
208,1190
208,1192
208,1205
208,1206
208,1207
208,1211
209,641
209,651
209,652
209,653
209,654
209,657
209,658
209,659
209,660
209,661
209,662
209,663
209,665
209,666
209,668
209,669
209,670
209,671
209,672
209,673
209,674
209,675
209,676
209,677
209,679
209,680
209,681
209,683
209,684
209,685
209,686
209,687
209,688
209,689
209,690
209,691
209,692
209,693
209,695
209,696
209,697
209,698
209,699
209,839
209,840
209,841
209,842
209,847
209,848
209,849
209,851
209,853
209,854
209,857
209,858
209,859
209,863
209,868
209,869
209,875
209,1044
209,1050
209,1060
209,1065
209,1086
209,1119
209,1125
209,1127
209,1129
209,1135
209,1141
209,1144
209,1145
209,1146
209,1150
209,1152
209,1160
209,1161
209,1167
209,1168
209,1169
209,1170
209,1171
209,1177
209,1179
209,1190
209,1192
209,1197
209,1205
209,1206
209,1207
209,1211
210,642
210,651
210,654
210,657
210,658
210,659
210,660
210,661
210,662
210,663
210,664
210,665
210,666
210,668
210,669
210,670
210,672
210,673
210,675
210,676
210,677
210,679
210,684
210,685
210,686
210,688
210,689
210,690
210,691
210,692
210,693
210,694
210,695
210,697
210,700
210,839
210,840
210,841
210,842
210,843
210,844
210,845
210,847
210,848
210,849
210,854
210,857
210,858
210,859
210,865
210,866
210,868
210,872
210,875
210,1044
210,1050
210,1060
210,1065
210,1086
210,1096
210,1119
210,1124
210,1127
210,1129
210,1134
210,1137
210,1140
210,1141
210,1145
210,1146
210,1152
210,1158
210,1162
210,1163
210,1164
210,1165
210,1166
210,1172
210,1173
210,1174
210,1175
210,1176
210,1177
210,1179
210,1191
210,1192
210,1197
210,1202
210,1205
210,1211
211,643
211,652
211,653
211,655
211,657
211,658
211,660
211,662
211,663
211,664
211,667
211,668
211,669
211,671
211,674
211,675
211,680
211,682
211,683
211,684
211,686
211,687
211,689
211,690
211,691
211,693
211,694
211,697
211,698
211,699
211,700
211,701
211,840
211,841
211,842
211,843
211,844
211,845
211,847
211,848
211,849
211,851
211,853
211,854
211,857
211,858
211,859
211,865
211,868
211,869
211,872
211,875
211,1044
211,1050
211,1060
211,1065
211,1096
211,1124
211,1125
211,1127
211,1129
211,1134
211,1135
211,1137
211,1140
211,1141
211,1144
211,1145
211,1158
211,1162
211,1163
211,1164
211,1165
211,1166
211,1167
211,1170
211,1171
211,1172
211,1173
211,1174
211,1175
211,1176
211,1179
211,1186
211,1190
211,1191
211,1192
211,1202
211,1205
211,1207
212,644
212,651
212,654
212,656
212,657
212,658
212,659
212,660
212,661
212,662
212,663
212,664
212,665
212,666
212,668
212,669
212,670
212,672
212,674
212,675
212,676
212,677
212,678
212,679
212,680
212,682
212,683
212,684
212,685
212,686
212,687
212,688
212,689
212,690
212,691
212,692
212,693
212,694
212,695
212,696
212,697
212,698
212,699
212,700
212,701
212,839
212,840
212,841
212,842
212,843
212,844
212,845
212,847
212,848
212,849
212,851
212,853
212,854
212,857
212,858
212,859
212,863
212,865
212,866
212,868
212,869
212,872
212,875
212,1044
212,1050
212,1060
212,1065
212,1086
212,1096
212,1114
212,1119
212,1124
212,1125
212,1127
212,1129
212,1134
212,1137
212,1140
212,1144
212,1145
212,1150
212,1158
212,1161
212,1162
212,1165
212,1166
212,1167
212,1168
212,1169
212,1170
212,1171
212,1172
212,1173
212,1174
212,1175
212,1179
212,1186
212,1190
212,1191
212,1192
212,1197
212,1202
212,1205
212,1206
212,1207
212,1211
213,645
213,654
213,655
213,656
213,657
213,658
213,660
213,661
213,662
213,663
213,664
213,665
213,666
213,667
213,668
213,671
213,674
213,675
213,676
213,677
213,678
213,679
213,680
213,681
213,682
213,683
213,684
213,685
213,686
213,687
213,688
213,689
213,690
213,691
213,692
213,693
213,694
213,697
213,698
213,699
213,701
213,839
213,840
213,841
213,842
213,843
213,844
213,845
213,847
213,848
213,849
213,854
213,858
213,859
213,865
213,866
213,872
213,875
213,1044
213,1050
213,1060
213,1065
213,1086
213,1096
213,1114
213,1119
213,1124
213,1125
213,1127
213,1129
213,1134
213,1135
213,1137
213,1140
213,1144
213,1145
213,1150
213,1158
213,1160
213,1161
213,1162
213,1163
213,1164
213,1165
213,1166
213,1167
213,1168
213,1169
213,1170
213,1171
213,1172
213,1173
213,1174
213,1175
213,1179
213,1186
213,1190
213,1191
213,1192
213,1197
213,1202
213,1205
213,1206
213,1207
213,1211
214,646
214,647
214,648
214,649
214,650
214,651
214,652
214,653
214,654
214,655
214,656
214,657
214,658
214,659
214,660
214,661
214,662
214,663
214,664
214,665
214,666
214,667
214,668
214,669
214,670
214,671
214,672
214,673
214,674
214,675
214,676
214,677
214,678
214,679
214,680
214,681
214,682
214,683
214,684
214,685
214,686
214,687
214,688
214,689
214,690
214,691
214,692
214,693
214,694
214,695
214,696
214,697
214,698
214,699
214,700
214,701
214,839
214,840
214,841
214,842
214,843
214,844
214,845
214,846
214,847
214,848
214,849
214,850
214,851
214,852
214,853
214,854
214,855
214,856
214,857
214,858
214,859
214,860
214,861
214,862
214,863
214,864
214,865
214,866
214,867
214,868
214,869
214,870
214,871
214,872
214,873
214,874
214,875
214,876
214,877
214,1044
214,1050
214,1060
214,1065
214,1086
214,1096
214,1114
214,1119
214,1122
214,1124
214,1125
214,1127
214,1128
214,1129
214,1130
214,1132
214,1133
214,1134
214,1135
214,1136
214,1137
214,1138
214,1139
214,1140
214,1141
214,1144
214,1145
214,1146
214,1150
214,1151
214,1152
214,1153
214,1158
214,1159
214,1160
214,1161
214,1162
214,1163
214,1164
214,1165
214,1166
214,1167
214,1168
214,1169
214,1170
214,1171
214,1172
214,1173
214,1174
214,1175
214,1176
214,1177
214,1178
214,1179
214,1180
214,1185
214,1186
214,1188
214,1190
214,1191
214,1192
214,1196
214,1197
214,1198
214,1199
214,1200
214,1201
214,1202
214,1205
214,1206
214,1207
214,1208
214,1209
214,1210
214,1211
214,1212
214,1213
214,1214
215,702
215,782
215,793
215,794
215,795
215,799
215,800
215,801
215,803
215,806
215,808
215,809
215,810
215,811
215,812
215,813
215,815
215,819
215,823
215,827
215,829
215,832
215,834
215,835
215,840
215,841
215,843
215,844
215,845
215,847
215,848
215,849
215,851
215,853
215,854
215,856
215,858
215,859
215,862
215,869
215,871
215,876
215,1032
215,1035
215,1036
215,1037
215,1040
215,1041
215,1042
215,1043
215,1044
215,1045
215,1047
215,1048
215,1050
215,1051
215,1057
215,1060
215,1061
215,1062
215,1064
215,1065
215,1067
215,1068
215,1069
215,1078
215,1080
215,1081
215,1083
215,1084
215,1089
215,1090
215,1091
215,1092
215,1162
215,1163
215,1164
215,1165
215,1167
215,1168
215,1169
215,1170
215,1172
215,1173
215,1174
215,1175
215,1197
215,1209
216,703
216,782
216,795
216,797
216,798
216,799
216,800
216,801
216,802
216,803
216,804
216,805
216,806
216,807
216,809
216,810
216,811
216,815
216,816
216,817
216,818
216,819
216,820
216,821
216,822
216,824
216,825
216,826
216,827
216,829
216,830
216,831
216,832
216,833
216,835
216,836
216,837
216,838
216,840
216,841
216,842
216,843
216,844
216,845
216,847
216,848
216,849
216,852
216,854
216,856
216,857
216,858
216,859
216,860
216,867
216,871
216,874
216,875
216,876
216,1032
216,1034
216,1036
216,1037
216,1040
216,1041
216,1042
216,1044
216,1047
216,1048
216,1050
216,1051
216,1056
216,1057
216,1060
216,1061
216,1062
216,1063
216,1064
216,1065
216,1067
216,1068
216,1069
216,1071
216,1078
216,1081
216,1083
216,1084
216,1091
216,1092
216,1162
216,1163
216,1164
216,1165
216,1167
216,1168
216,1169
216,1170
216,1172
216,1173
216,1174
216,1175
216,1197
216,1209
217,704
217,782
217,794
217,795
217,798
217,799
217,800
217,801
217,803
217,804
217,806
217,808
217,809
217,810
217,811
217,813
217,815
217,816
217,819
217,820
217,822
217,824
217,825
217,826
217,830
217,832
217,833
217,835
217,836
217,838
217,840
217,841
217,842
217,843
217,844
217,845
217,847
217,848
217,849
217,851
217,853
217,854
217,856
217,857
217,858
217,859
217,869
217,871
217,874
217,875
217,876
217,1036
217,1037
217,1040
217,1042
217,1044
217,1045
217,1047
217,1048
217,1050
217,1051
217,1057
217,1060
217,1061
217,1062
217,1063
217,1064
217,1065
217,1067
217,1068
217,1069
217,1078
217,1080
217,1083
217,1084
217,1091
217,1092
217,1162
217,1163
217,1164
217,1165
217,1167
217,1168
217,1169
217,1170
217,1172
217,1173
217,1174
217,1175
218,705
218,782
218,793
218,795
218,796
218,797
218,798
218,799
218,800
218,801
218,802
218,803
218,804
218,805
218,806
218,807
218,808
218,809
218,810
218,811
218,813
218,814
218,815
218,816
218,817
218,818
218,819
218,823
218,824
218,825
218,826
218,827
218,828
218,829
218,830
218,831
218,832
218,833
218,835
218,836
218,837
218,838
218,840
218,841
218,842
218,843
218,844
218,845
218,847
218,848
218,849
218,852
218,854
218,856
218,858
218,859
218,860
218,867
218,871
218,875
218,876
218,1032
218,1034
218,1035
218,1036
218,1037
218,1040
218,1041
218,1042
218,1043
218,1044
218,1045
218,1048
218,1050
218,1051
218,1056
218,1057
218,1060
218,1061
218,1062
218,1063
218,1064
218,1065
218,1067
218,1068
218,1069
218,1071
218,1078
218,1080
218,1081
218,1083
218,1084
218,1085
218,1089
218,1090
218,1091
218,1092
218,1162
218,1163
218,1164
218,1165
218,1168
218,1169
218,1172
218,1173
218,1174
218,1175
218,1197
218,1209
219,706
219,782
219,794
219,795
219,796
219,797
219,799
219,800
219,801
219,802
219,803
219,804
219,805
219,806
219,807
219,809
219,810
219,811
219,812
219,814
219,815
219,816
219,817
219,818
219,819
219,820
219,821
219,822
219,824
219,825
219,826
219,827
219,828
219,829
219,830
219,831
219,832
219,833
219,834
219,835
219,836
219,837
219,840
219,841
219,842
219,843
219,844
219,845
219,847
219,848
219,849
219,851
219,852
219,853
219,854
219,856
219,857
219,858
219,859
219,860
219,862
219,867
219,869
219,871
219,874
219,875
219,876
219,1032
219,1034
219,1036
219,1037
219,1040
219,1041
219,1042
219,1044
219,1048
219,1050
219,1051
219,1056
219,1057
219,1060
219,1061
219,1062
219,1063
219,1064
219,1065
219,1067
219,1068
219,1069
219,1071
219,1078
219,1081
219,1083
219,1084
219,1085
219,1091
219,1092
219,1162
219,1163
219,1164
219,1165
219,1168
219,1169
219,1172
219,1173
219,1174
219,1175
219,1197
219,1209
220,707
220,782
220,794
220,795
220,797
220,799
220,800
220,801
220,802
220,803
220,804
220,805
220,806
220,807
220,808
220,809
220,810
220,811
220,812
220,813
220,815
220,816
220,817
220,818
220,819
220,823
220,824
220,825
220,826
220,827
220,829
220,830
220,831
220,832
220,833
220,835
220,836
220,837
220,840
220,841
220,842
220,843
220,844
220,845
220,847
220,848
220,849
220,852
220,854
220,856
220,858
220,859
220,860
220,867
220,871
220,875
220,876
220,1032
220,1034
220,1036
220,1037
220,1040
220,1041
220,1042
220,1044
220,1047
220,1048
220,1050
220,1051
220,1056
220,1057
220,1060
220,1061
220,1062
220,1063
220,1064
220,1065
220,1067
220,1068
220,1069
220,1071
220,1078
220,1080
220,1081
220,1083
220,1084
220,1090
220,1091
220,1092
220,1162
220,1163
220,1164
220,1165
220,1167
220,1168
220,1169
220,1170
220,1172
220,1173
220,1174
220,1175
220,1197
220,1209
221,708
221,782
221,794
221,798
221,799
221,800
221,801
221,803
221,804
221,806
221,809
221,810
221,811
221,812
221,813
221,815
221,816
221,819
221,821
221,822
221,823
221,824
221,825
221,826
221,830
221,832
221,833
221,835
221,836
221,837
221,840
221,841
221,842
221,843
221,844
221,845
221,856
221,858
221,859
221,860
221,862
221,867
221,871
221,874
221,875
221,876
221,1034
221,1035
221,1036
221,1037
221,1040
221,1041
221,1042
221,1043
221,1044
221,1047
221,1048
221,1050
221,1051
221,1056
221,1057
221,1060
221,1061
221,1062
221,1063
221,1064
221,1065
221,1067
221,1068
221,1069
221,1071
221,1078
221,1080
221,1083
221,1089
221,1090
221,1091
221,1162
221,1163
221,1164
221,1165
221,1167
221,1168
221,1169
221,1170
221,1172
221,1173
221,1174
221,1175
222,709
222,782
222,794
222,798
222,800
222,802
222,803
222,804
222,805
222,809
222,810
222,811
222,812
222,814
222,815
222,817
222,818
222,820
222,821
222,822
222,824
222,825
222,826
222,827
222,828
222,830
222,833
222,834
222,835
222,836
222,837
222,838
222,840
222,841
222,842
222,847
222,848
222,849
222,851
222,852
222,853
222,854
222,857
222,858
222,859
222,860
222,862
222,867
222,869
222,871
222,874
222,875
222,1034
222,1035
222,1036
222,1037
222,1040
222,1041
222,1042
222,1043
222,1044
222,1047
222,1048
222,1050
222,1051
222,1056
222,1062
222,1063
222,1065
222,1067
222,1068
222,1069
222,1071
222,1078
222,1083
222,1084
222,1085
222,1089
222,1091
222,1162
222,1163
222,1164
222,1165
222,1167
222,1168
222,1169
222,1170
222,1173
222,1174
222,1197
223,710
223,782
223,793
223,798
223,800
223,801
223,802
223,803
223,804
223,805
223,806
223,810
223,811
223,813
223,814
223,815
223,816
223,817
223,818
223,819
223,820
223,821
223,823
223,824
223,825
223,826
223,828
223,829
223,831
223,832
223,833
223,835
223,836
223,837
223,838
223,840
223,841
223,842
223,847
223,848
223,849
223,856
223,857
223,858
223,859
223,860
223,862
223,867
223,871
223,874
223,875
223,876
223,1034
223,1035
223,1036
223,1037
223,1041
223,1042
223,1043
223,1044
223,1045
223,1047
223,1048
223,1050
223,1051
223,1056
223,1061
223,1063
223,1064
223,1065
223,1067
223,1068
223,1069
223,1071
223,1078
223,1080
223,1084
223,1085
223,1089
223,1090
223,1091
223,1162
223,1163
223,1164
223,1165
223,1167
223,1168
223,1169
223,1170
223,1173
223,1174
223,1197
224,711
224,782
224,793
224,798
224,799
224,800
224,803
224,804
224,810
224,811
224,815
224,820
224,821
224,822
224,824
224,825
224,826
224,827
224,829
224,831
224,833
224,834
224,835
224,836
224,837
224,838
224,840
224,841
224,842
224,843
224,844
224,845
224,851
224,852
224,853
224,854
224,856
224,857
224,858
224,859
224,860
224,862
224,867
224,869
224,871
224,874
224,875
224,876
224,1034
224,1035
224,1036
224,1037
224,1040
224,1041
224,1042
224,1043
224,1044
224,1045
224,1047
224,1048
224,1050
224,1051
224,1056
224,1057
224,1060
224,1062
224,1063
224,1067
224,1068
224,1069
224,1071
224,1078
224,1089
224,1091
224,1162
224,1163
224,1164
224,1165
224,1167
224,1168
224,1169
224,1170
224,1172
224,1173
224,1174
224,1175
224,1197
224,1209
225,712
225,753
225,755
225,756
225,757
225,764
225,765
225,766
225,767
225,768
225,775
225,776
225,777
225,793
225,794
225,795
225,803
225,806
225,808
225,809
225,810
225,811
225,812
225,813
225,816
225,820
225,825
225,827
225,832
225,833
225,839
225,840
225,841
225,842
225,843
225,844
225,845
225,847
225,848
225,849
225,851
225,854
225,857
225,858
225,859
225,861
225,864
225,865
225,866
225,868
225,870
225,875
225,1032
225,1035
225,1040
225,1044
225,1048
225,1050
225,1059
225,1060
225,1061
225,1064
225,1065
225,1066
225,1073
225,1074
225,1079
225,1081
225,1083
225,1090
225,1092
225,1093
225,1163
225,1164
225,1166
225,1173
225,1174
225,1176
225,1200
225,1211
226,713
226,753
226,755
226,756
226,757
226,765
226,766
226,767
226,768
226,771
226,775
226,776
226,777
226,793
226,794
226,801
226,803
226,806
226,808
226,809
226,811
226,813
226,816
226,819
226,820
226,823
226,825
226,832
226,833
226,839
226,840
226,841
226,842
226,843
226,847
226,848
226,849
226,851
226,853
226,854
226,857
226,858
226,859
226,861
226,866
226,868
226,869
226,873
226,875
226,1032
226,1034
226,1040
226,1044
226,1047
226,1048
226,1050
226,1056
226,1060
226,1061
226,1064
226,1065
226,1066
226,1073
226,1074
226,1079
226,1080
226,1083
226,1090
226,1093
226,1167
226,1170
226,1171
226,1173
226,1174
226,1176
226,1200
227,714
227,753
227,756
227,757
227,765
227,766
227,767
227,768
227,771
227,775
227,776
227,777
227,782
227,794
227,801
227,803
227,806
227,809
227,810
227,811
227,812
227,813
227,816
227,819
227,820
227,823
227,825
227,832
227,833
227,839
227,840
227,841
227,842
227,848
227,849
227,851
227,853
227,854
227,857
227,858
227,859
227,861
227,864
227,866
227,868
227,869
227,873
227,875
227,1034
227,1035
227,1040
227,1044
227,1047
227,1048
227,1050
227,1056
227,1059
227,1061
227,1064
227,1065
227,1066
227,1073
227,1074
227,1080
227,1083
227,1088
227,1089
227,1090
227,1093
227,1162
227,1163
227,1164
227,1165
227,1166
227,1167
227,1168
227,1169
227,1170
227,1171
227,1173
227,1174
227,1176
227,1200
228,715
228,752
228,754
228,755
228,757
228,758
228,759
228,760
228,761
228,762
228,764
228,765
228,767
228,768
228,794
228,795
228,799
228,801
228,803
228,806
228,809
228,810
228,811
228,812
228,813
228,816
228,819
228,823
228,832
228,840
228,841
228,843
228,844
228,845
228,847
228,848
228,849
228,853
228,854
228,858
228,859
228,864
228,865
228,869
228,870
228,1034
228,1035
228,1044
228,1046
228,1047
228,1050
228,1052
228,1056
228,1059
228,1060
228,1061
228,1064
228,1065
228,1066
228,1073
228,1076
228,1079
228,1080
228,1081
228,1083
228,1088
228,1090
228,1092
228,1163
228,1164
228,1166
228,1167
228,1168
228,1169
228,1170
228,1171
228,1172
228,1175
228,1176
228,1211
229,716
229,753
229,755
229,756
229,757
229,764
229,765
229,767
229,768
229,771
229,775
229,776
229,777
229,782
229,799
229,801
229,819
229,820
229,823
229,825
229,833
229,839
229,840
229,841
229,842
229,843
229,844
229,845
229,851
229,853
229,854
229,857
229,858
229,859
229,861
229,864
229,865
229,866
229,868
229,869
229,870
229,873
229,875
229,1034
229,1035
229,1040
229,1044
229,1047
229,1048
229,1050
229,1056
229,1059
229,1060
229,1061
229,1064
229,1066
229,1067
229,1073
229,1074
229,1081
229,1088
229,1089
229,1090
229,1092
229,1093
229,1162
229,1163
229,1164
229,1165
229,1166
229,1167
229,1168
229,1169
229,1170
229,1171
229,1172
229,1173
229,1174
229,1175
229,1176
229,1200
229,1211
230,717
230,753
230,763
230,764
230,765
230,766
230,767
230,768
230,772
230,773
230,774
230,775
230,776
230,777
230,798
230,799
230,800
230,801
230,804
230,815
230,819
230,820
230,822
230,823
230,824
230,825
230,826
230,830
230,833
230,835
230,836
230,838
230,842
230,845
230,846
230,848
230,849
230,850
230,853
230,855
230,856
230,857
230,869
230,874
230,875
230,877
230,1031
230,1034
230,1035
230,1036
230,1037
230,1041
230,1043
230,1047
230,1049
230,1051
230,1053
230,1056
230,1061
230,1063
230,1064
230,1068
230,1072
230,1078
230,1087
230,1089
230,1090
230,1091
230,1094
230,1163
230,1164
230,1166
230,1167
230,1168
230,1169
230,1170
230,1171
230,1172
230,1173
230,1174
230,1175
230,1176
230,1214
231,718
231,753
231,765
231,767
231,769
231,770
231,771
231,772
231,773
231,774
231,775
231,776
231,777
231,778
231,779
231,799
231,800
231,801
231,815
231,819
231,820
231,822
231,823
231,824
231,825
231,826
231,830
231,833
231,835
231,842
231,844
231,845
231,846
231,848
231,849
231,850
231,853
231,855
231,857
231,860
231,869
231,874
231,875
231,1033
231,1034
231,1036
231,1037
231,1039
231,1047
231,1049
231,1051
231,1053
231,1055
231,1056
231,1058
231,1061
231,1063
231,1064
231,1068
231,1071
231,1072
231,1075
231,1077
231,1078
231,1082
231,1087
231,1090
231,1091
231,1094
231,1163
231,1164
231,1166
231,1167
231,1168
231,1169
231,1170
231,1171
231,1172
231,1173
231,1174
231,1175
231,1176
231,1214
232,719
232,753
232,763
232,764
232,765
232,766
232,767
232,768
232,770
232,772
232,773
232,774
232,775
232,776
232,777
232,798
232,801
232,804
232,815
232,819
232,820
232,821
232,822
232,823
232,824
232,825
232,826
232,830
232,831
232,833
232,834
232,835
232,836
232,842
232,845
232,846
232,848
232,849
232,856
232,857
232,874
232,875
232,877
232,1031
232,1034
232,1035
232,1036
232,1037
232,1041
232,1042
232,1043
232,1047
232,1049
232,1051
232,1053
232,1056
232,1058
232,1061
232,1063
232,1064
232,1068
232,1069
232,1071
232,1072
232,1078
232,1089
232,1090
232,1091
232,1094
232,1163
232,1164
232,1166
232,1167
232,1170
232,1171
232,1214
233,720
233,753
233,763
233,765
233,766
233,767
233,768
233,770
233,771
233,772
233,773
233,774
233,775
233,776
233,777
233,798
233,800
233,801
233,804
233,815
233,819
233,821
233,822
233,823
233,824
233,826
233,829
233,830
233,831
233,834
233,835
233,836
233,837
233,838
233,842
233,845
233,846
233,852
233,853
233,855
233,856
233,857
233,860
233,875
233,877
233,1031
233,1034
233,1036
233,1037
233,1039
233,1041
233,1042
233,1043
233,1048
233,1049
233,1051
233,1053
233,1056
233,1058
233,1061
233,1063
233,1064
233,1067
233,1068
233,1069
233,1071
233,1075
233,1078
233,1087
233,1090
233,1091
233,1094
233,1163
233,1164
233,1166
233,1173
233,1174
233,1176
233,1198
233,1214
234,721
234,769
234,770
234,771
234,772
234,773
234,774
234,775
234,776
234,777
234,778
234,779
234,780
234,781
234,782
234,798
234,800
234,804
234,815
234,820
234,822
234,824
234,825
234,826
234,830
234,833
234,835
234,836
234,837
234,838
234,842
234,848
234,849
234,850
234,852
234,853
234,855
234,857
234,860
234,874
234,875
234,1033
234,1034
234,1035
234,1036
234,1037
234,1038
234,1039
234,1041
234,1042
234,1047
234,1048
234,1051
234,1055
234,1056
234,1058
234,1063
234,1067
234,1068
234,1069
234,1071
234,1075
234,1077
234,1078
234,1082
234,1087
234,1089
234,1091
234,1162
234,1165
234,1166
234,1167
234,1168
234,1169
234,1170
234,1171
234,1173
234,1174
234,1176
234,1198
235,722
235,752
235,754
235,755
235,757
235,758
235,759
235,760
235,761
235,762
235,764
235,765
235,766
235,767
235,768
235,771
235,794
235,803
235,808
235,809
235,810
235,811
235,812
235,813
235,816
235,819
235,823
235,827
235,832
235,840
235,841
235,843
235,844
235,845
235,847
235,858
235,859
235,864
235,865
235,870
235,1034
235,1035
235,1044
235,1046
235,1047
235,1048
235,1050
235,1052
235,1056
235,1059
235,1060
235,1061
235,1064
235,1065
235,1066
235,1067
235,1073
235,1076
235,1079
235,1081
235,1083
235,1088
235,1090
235,1092
235,1163
235,1164
235,1166
235,1167
235,1168
235,1169
235,1170
235,1171
235,1211
236,723
236,752
236,754
236,756
236,757
236,758
236,759
236,760
236,761
236,762
236,764
236,765
236,766
236,767
236,768
236,771
236,793
236,801
236,803
236,806
236,808
236,810
236,811
236,813
236,816
236,819
236,823
236,827
236,832
236,840
236,841
236,843
236,844
236,845
236,851
236,853
236,854
236,858
236,859
236,861
236,865
236,869
236,870
236,873
236,1034
236,1035
236,1040
236,1044
236,1046
236,1048
236,1050
236,1052
236,1056
236,1060
236,1061
236,1064
236,1066
236,1067
236,1073
236,1074
236,1076
236,1079
236,1080
236,1081
236,1088
236,1089
236,1090
236,1093
236,1163
236,1164
236,1166
236,1173
236,1174
236,1176
236,1200
236,1211
237,724
237,752
237,754
237,757
237,758
237,759
237,761
237,762
237,765
237,766
237,767
237,768
237,775
237,776
237,777
237,782
237,794
237,795
237,799
237,801
237,809
237,819
237,820
237,823
237,825
237,833
237,840
237,841
237,842
237,843
237,844
237,845
237,847
237,848
237,849
237,853
237,854
237,857
237,858
237,859
237,861
237,865
237,868
237,869
237,870
237,875
237,1034
237,1040
237,1044
237,1046
237,1047
237,1048
237,1050
237,1056
237,1060
237,1061
237,1064
237,1065
237,1066
237,1073
237,1074
237,1076
237,1079
237,1080
237,1081
237,1083
237,1090
237,1092
237,1093
237,1162
237,1163
237,1164
237,1165
237,1166
237,1167
237,1170
237,1171
237,1172
237,1173
237,1174
237,1175
237,1176
238,725
238,753
238,763
238,764
238,765
238,767
238,768
238,770
238,771
238,772
238,773
238,774
238,775
238,776
238,777
238,782
238,799
238,801
238,819
238,820
238,823
238,825
238,833
238,842
238,844
238,845
238,846
238,848
238,849
238,850
238,852
238,853
238,855
238,856
238,857
238,860
238,869
238,875
238,877
238,1031
238,1035
238,1036
238,1037
238,1039
238,1041
238,1042
238,1043
238,1047
238,1048
238,1049
238,1051
238,1053
238,1061
238,1064
238,1067
238,1068
238,1069
238,1072
238,1075
238,1078
238,1087
238,1089
238,1090
238,1091
238,1094
238,1162
238,1163
238,1164
238,1165
238,1166
238,1167
238,1168
238,1169
238,1170
238,1171
238,1172
238,1173
238,1174
238,1175
238,1176
238,1198
238,1214
239,726
239,763
239,764
239,766
239,769
239,771
239,772
239,773
239,774
239,775
239,776
239,777
239,778
239,779
239,780
239,781
239,800
239,815
239,820
239,821
239,822
239,824
239,825
239,826
239,829
239,830
239,833
239,834
239,835
239,842
239,844
239,845
239,846
239,848
239,849
239,850
239,852
239,853
239,856
239,857
239,869
239,874
239,875
239,877
239,1033
239,1035
239,1036
239,1037
239,1038
239,1039
239,1041
239,1042
239,1043
239,1048
239,1049
239,1051
239,1055
239,1058
239,1067
239,1068
239,1069
239,1072
239,1075
239,1077
239,1078
239,1082
239,1089
239,1091
239,1163
239,1164
239,1166
239,1173
239,1174
239,1176
239,1198
239,1214
240,727
240,753
240,765
240,766
240,767
240,768
240,769
240,772
240,773
240,774
240,775
240,776
240,777
240,778
240,779
240,782
240,798
240,799
240,801
240,804
240,819
240,820
240,825
240,836
240,838
240,842
240,845
240,846
240,848
240,849
240,850
240,852
240,853
240,855
240,856
240,857
240,869
240,875
240,877
240,1033
240,1036
240,1037
240,1039
240,1042
240,1047
240,1048
240,1049
240,1051
240,1053
240,1055
240,1058
240,1061
240,1063
240,1064
240,1067
240,1068
240,1069
240,1071
240,1072
240,1075
240,1077
240,1078
240,1082
240,1087
240,1091
240,1094
240,1162
240,1163
240,1164
240,1165
240,1166
240,1167
240,1168
240,1169
240,1170
240,1171
240,1172
240,1173
240,1174
240,1175
240,1176
241,728
241,764
241,766
241,769
241,770
241,771
241,772
241,773
241,774
241,775
241,776
241,777
241,778
241,779
241,780
241,781
241,798
241,800
241,804
241,815
241,820
241,821
241,822
241,825
241,826
241,829
241,830
241,835
241,836
241,838
241,842
241,844
241,845
241,848
241,849
241,850
241,852
241,853
241,855
241,857
241,860
241,875
241,1033
241,1036
241,1037
241,1038
241,1039
241,1042
241,1047
241,1048
241,1051
241,1055
241,1058
241,1063
241,1067
241,1068
241,1069
241,1071
241,1075
241,1077
241,1078
241,1082
241,1087
241,1091
241,1167
241,1168
241,1169
241,1170
241,1171
241,1173
241,1174
241,1176
241,1198
242,729
242,765
242,766
242,767
242,768
242,769
242,772
242,773
242,774
242,775
242,776
242,777
242,778
242,779
242,781
242,782
242,798
242,799
242,801
242,804
242,819
242,820
242,823
242,825
242,833
242,836
242,837
242,842
242,845
242,846
242,848
242,849
242,852
242,856
242,857
242,860
242,874
242,875
242,877
242,1034
242,1035
242,1036
242,1037
242,1038
242,1039
242,1041
242,1042
242,1047
242,1048
242,1049
242,1051
242,1055
242,1056
242,1058
242,1061
242,1063
242,1064
242,1067
242,1068
242,1069
242,1071
242,1075
242,1077
242,1078
242,1082
242,1089
242,1090
242,1091
242,1094
242,1162
242,1163
242,1164
242,1165
242,1166
242,1167
242,1170
242,1171
242,1172
242,1173
242,1174
242,1175
242,1176
243,730
243,752
243,754
243,755
243,756
243,757
243,758
243,759
243,760
243,761
243,762
243,764
243,765
243,767
243,768
243,771
243,782
243,794
243,795
243,799
243,809
243,812
243,840
243,841
243,844
243,845
243,847
243,848
243,849
243,851
243,853
243,854
243,858
243,859
243,861
243,865
243,869
243,870
243,873
243,1032
243,1035
243,1040
243,1044
243,1046
243,1047
243,1048
243,1050
243,1052
243,1059
243,1060
243,1061
243,1064
243,1065
243,1066
243,1073
243,1074
243,1076
243,1080
243,1081
243,1083
243,1090
243,1092
243,1093
243,1162
243,1165
243,1166
243,1167
243,1168
243,1169
243,1170
243,1171
243,1172
243,1173
243,1174
243,1175
243,1176
243,1200
243,1211
244,731
244,753
244,756
244,757
244,758
244,759
244,761
244,762
244,764
244,765
244,766
244,767
244,768
244,775
244,776
244,777
244,782
244,793
244,795
244,799
244,801
244,803
244,809
244,811
244,813
244,819
244,820
244,823
244,825
244,827
244,832
244,833
244,839
244,840
244,841
244,842
244,844
244,845
244,847
244,848
244,849
244,851
244,854
244,857
244,858
244,859
244,861
244,864
244,865
244,866
244,868
244,870
244,875
244,1032
244,1034
244,1035
244,1040
244,1044
244,1047
244,1048
244,1050
244,1052
244,1056
244,1060
244,1061
244,1064
244,1065
244,1066
244,1067
244,1073
244,1074
244,1076
244,1079
244,1080
244,1081
244,1083
244,1088
244,1089
244,1090
244,1093
244,1162
244,1165
244,1166
244,1167
244,1168
244,1169
244,1170
244,1171
244,1172
244,1173
244,1174
244,1175
244,1176
244,1200
244,1211
245,732
245,753
245,754
245,757
245,758
245,759
245,760
245,761
245,762
245,765
245,766
245,767
245,768
245,775
245,776
245,777
245,782
245,794
245,799
245,809
245,812
245,819
245,823
245,825
245,833
245,840
245,841
245,842
245,843
245,844
245,845
245,847
245,858
245,859
245,861
245,864
245,865
245,866
245,868
245,870
245,873
245,875
245,1034
245,1035
245,1040
245,1044
245,1046
245,1047
245,1048
245,1050
245,1056
245,1059
245,1060
245,1061
245,1064
245,1065
245,1066
245,1073
245,1074
245,1079
245,1081
245,1083
245,1088
245,1089
245,1090
245,1093
245,1162
245,1163
245,1164
245,1165
245,1166
245,1167
245,1168
245,1169
245,1170
245,1171
245,1172
245,1173
245,1174
245,1175
245,1176
246,733
246,753
246,754
246,755
246,757
246,758
246,759
246,760
246,761
246,762
246,764
246,765
246,767
246,768
246,775
246,777
246,782
246,801
246,803
246,806
246,810
246,811
246,813
246,816
246,819
246,820
246,823
246,825
246,832
246,833
246,840
246,841
246,842
246,847
246,848
246,849
246,857
246,858
246,859
246,861
246,864
246,865
246,866
246,868
246,870
246,873
246,875
246,1034
246,1035
246,1044
246,1046
246,1047
246,1048
246,1050
246,1056
246,1059
246,1061
246,1064
246,1065
246,1066
246,1067
246,1073
246,1074
246,1079
246,1080
246,1088
246,1089
246,1090
246,1092
246,1162
246,1163
246,1164
246,1165
246,1166
246,1167
246,1168
246,1169
246,1170
246,1171
246,1173
246,1174
246,1176
246,1200
247,734
247,753
247,763
247,764
247,765
247,767
247,769
247,770
247,771
247,772
247,773
247,774
247,775
247,776
247,777
247,778
247,779
247,798
247,800
247,801
247,804
247,815
247,819
247,820
247,821
247,822
247,823
247,824
247,825
247,826
247,829
247,830
247,831
247,833
247,834
247,835
247,836
247,838
247,842
247,848
247,849
247,850
247,853
247,855
247,857
247,860
247,874
247,875
247,1031
247,1033
247,1034
247,1035
247,1036
247,1037
247,1041
247,1042
247,1043
247,1051
247,1055
247,1056
247,1058
247,1061
247,1063
247,1064
247,1068
247,1069
247,1071
247,1072
247,1077
247,1078
247,1082
247,1087
247,1089
247,1090
247,1091
247,1094
247,1168
247,1169
247,1171
247,1198
247,1214
248,735
248,763
248,764
248,769
248,770
248,771
248,772
248,773
248,774
248,775
248,776
248,777
248,778
248,779
248,780
248,781
248,782
248,798
248,799
248,804
248,831
248,836
248,837
248,838
248,842
248,845
248,846
248,852
248,853
248,855
248,856
248,857
248,860
248,874
248,875
248,877
248,1033
248,1034
248,1035
248,1036
248,1037
248,1038
248,1039
248,1041
248,1042
248,1043
248,1047
248,1048
248,1049
248,1051
248,1055
248,1056
248,1063
248,1067
248,1068
248,1071
248,1072
248,1075
248,1077
248,1078
248,1082
248,1089
248,1091
248,1162
248,1163
248,1164
248,1165
248,1166
248,1167
248,1168
248,1169
248,1170
248,1171
248,1172
248,1175
248,1176
248,1198
248,1214
249,736
249,752
249,754
249,756
249,757
249,758
249,759
249,760
249,761
249,762
249,765
249,766
249,767
249,768
249,771
249,775
249,776
249,777
249,794
249,795
249,799
249,803
249,806
249,809
249,810
249,811
249,812
249,813
249,816
249,820
249,825
249,832
249,833
249,840
249,841
249,842
249,843
249,844
249,845
249,848
249,849
249,851
249,853
249,854
249,857
249,858
249,859
249,864
249,868
249,869
249,873
249,875
249,1032
249,1040
249,1044
249,1047
249,1050
249,1056
249,1060
249,1061
249,1064
249,1065
249,1066
249,1073
249,1076
249,1080
249,1081
249,1083
249,1088
249,1090
249,1092
249,1093
249,1163
249,1164
249,1166
249,1167
249,1168
249,1169
249,1170
249,1171
249,1172
249,1175
249,1176
249,1211
250,737
250,753
250,754
250,755
250,756
250,757
250,758
250,759
250,760
250,761
250,762
250,764
250,765
250,767
250,768
250,771
250,775
250,777
250,793
250,794
250,801
250,803
250,806
250,808
250,809
250,810
250,811
250,812
250,813
250,816
250,819
250,820
250,823
250,825
250,827
250,832
250,833
250,839
250,840
250,841
250,842
250,843
250,847
250,848
250,849
250,851
250,853
250,854
250,857
250,858
250,859
250,864
250,868
250,869
250,873
250,875
250,1032
250,1034
250,1035
250,1044
250,1046
250,1050
250,1056
250,1059
250,1060
250,1061
250,1064
250,1065
250,1066
250,1073
250,1079
250,1080
250,1083
250,1088
250,1090
250,1092
250,1168
250,1169
250,1171
250,1200
250,1211
251,738
251,753
251,756
251,757
251,758
251,759
251,761
251,762
251,764
251,765
251,766
251,767
251,768
251,771
251,775
251,776
251,777
251,782
251,793
251,794
251,795
251,799
251,803
251,806
251,808
251,809
251,810
251,811
251,812
251,813
251,816
251,819
251,820
251,823
251,825
251,827
251,832
251,833
251,839
251,840
251,841
251,842
251,844
251,845
251,847
251,848
251,849
251,851
251,853
251,854
251,857
251,858
251,859
251,861
251,864
251,865
251,866
251,868
251,869
251,870
251,873
251,875
251,1032
251,1035
251,1040
251,1044
251,1048
251,1050
251,1052
251,1056
251,1060
251,1061
251,1064
251,1065
251,1066
251,1067
251,1073
251,1074
251,1076
251,1079
251,1080
251,1081
251,1083
251,1088
251,1089
251,1090
251,1093
251,1162
251,1165
251,1166
251,1168
251,1169
251,1171
251,1172
251,1173
251,1174
251,1175
251,1176
251,1200
251,1211
252,739
252,752
252,754
252,756
252,757
252,758
252,759
252,760
252,761
252,762
252,764
252,765
252,766
252,767
252,768
252,775
252,777
252,782
252,793
252,794
252,795
252,799
252,803
252,809
252,811
252,812
252,813
252,819
252,823
252,825
252,827
252,832
252,833
252,839
252,840
252,841
252,842
252,843
252,844
252,845
252,847
252,848
252,849
252,851
252,854
252,858
252,859
252,861
252,864
252,865
252,866
252,870
252,875
252,1032
252,1035
252,1040
252,1044
252,1046
252,1047
252,1048
252,1050
252,1052
252,1056
252,1060
252,1061
252,1064
252,1065
252,1066
252,1067
252,1073
252,1074
252,1076
252,1079
252,1080
252,1081
252,1083
252,1088
252,1089
252,1090
252,1093
252,1162
252,1163
252,1164
252,1165
252,1166
252,1167
252,1168
252,1169
252,1170
252,1171
252,1172
252,1173
252,1174
252,1175
252,1176
252,1200
252,1211
253,740
253,752
253,754
253,755
253,757
253,758
253,759
253,761
253,762
253,764
253,765
253,766
253,767
253,768
253,771
253,775
253,776
253,777
253,801
253,803
253,806
253,808
253,811
253,813
253,816
253,819
253,820
253,823
253,825
253,827
253,832
253,833
253,840
253,841
253,842
253,847
253,848
253,849
253,857
253,858
253,859
253,861
253,865
253,868
253,870
253,875
253,1034
253,1035
253,1044
253,1046
253,1047
253,1048
253,1050
253,1052
253,1056
253,1059
253,1061
253,1064
253,1065
253,1066
253,1067
253,1073
253,1074
253,1079
253,1080
253,1089
253,1090
253,1092
253,1167
253,1170
253,1171
253,1173
253,1174
253,1176
253,1200
254,741
254,764
254,765
254,766
254,767
254,768
254,769
254,770
254,771
254,772
254,773
254,774
254,775
254,776
254,777
254,778
254,779
254,780
254,801
254,815
254,819
254,820
254,821
254,822
254,823
254,824
254,825
254,826
254,829
254,830
254,833
254,835
254,842
254,844
254,845
254,846
254,848
254,849
254,853
254,855
254,857
254,860
254,869
254,874
254,875
254,1034
254,1036
254,1037
254,1038
254,1039
254,1047
254,1049
254,1051
254,1055
254,1056
254,1058
254,1061
254,1063
254,1064
254,1068
254,1071
254,1075
254,1077
254,1078
254,1082
254,1090
254,1091
254,1094
254,1163
254,1164
254,1166
254,1167
254,1170
254,1171
254,1214
255,742
255,763
255,765
255,766
255,767
255,769
255,771
255,772
255,773
255,774
255,775
255,776
255,777
255,778
255,779
255,780
255,781
255,782
255,798
255,799
255,801
255,804
255,815
255,819
255,820
255,822
255,825
255,826
255,829
255,831
255,834
255,835
255,836
255,837
255,838
255,842
255,844
255,845
255,846
255,849
255,850
255,852
255,853
255,856
255,857
255,869
255,874
255,875
255,877
255,1031
255,1033
255,1034
255,1036
255,1037
255,1038
255,1039
255,1041
255,1042
255,1043
255,1047
255,1048
255,1049
255,1051
255,1053
255,1055
255,1056
255,1058
255,1061
255,1063
255,1064
255,1067
255,1068
255,1069
255,1071
255,1075
255,1077
255,1078
255,1082
255,1087
255,1091
255,1162
255,1163
255,1164
255,1165
255,1166
255,1167
255,1168
255,1169
255,1170
255,1171
255,1172
255,1173
255,1174
255,1175
255,1176
255,1198
255,1214
256,743
256,753
256,763
256,764
256,765
256,766
256,767
256,768
256,769
256,770
256,772
256,773
256,774
256,775
256,776
256,777
256,778
256,779
256,798
256,800
256,801
256,804
256,815
256,819
256,821
256,822
256,826
256,830
256,831
256,834
256,835
256,836
256,837
256,838
256,842
256,849
256,850
256,852
256,856
256,857
256,875
256,877
256,1031
256,1033
256,1035
256,1036
256,1037
256,1041
256,1042
256,1043
256,1047
256,1048
256,1051
256,1055
256,1058
256,1061
256,1063
256,1064
256,1067
256,1068
256,1069
256,1071
256,1072
256,1077
256,1078
256,1082
256,1087
256,1089
256,1091
256,1094
256,1167
256,1168
256,1169
256,1170
256,1171
256,1173
256,1174
256,1176
256,1198
257,744
257,763
257,764
257,765
257,766
257,767
257,768
257,769
257,772
257,773
257,774
257,775
257,776
257,777
257,778
257,779
257,781
257,782
257,798
257,800
257,801
257,804
257,815
257,819
257,822
257,823
257,824
257,826
257,830
257,831
257,835
257,836
257,837
257,838
257,842
257,849
257,850
257,852
257,856
257,857
257,860
257,874
257,875
257,877
257,1033
257,1034
257,1035
257,1036
257,1037
257,1038
257,1041
257,1042
257,1043
257,1047
257,1048
257,1051
257,1055
257,1056
257,1061
257,1063
257,1064
257,1067
257,1068
257,1069
257,1072
257,1077
257,1078
257,1087
257,1089
257,1090
257,1091
257,1094
257,1162
257,1165
257,1166
257,1167
257,1168
257,1169
257,1170
257,1171
257,1173
257,1174
257,1176
257,1198
258,745
258,753
258,754
258,755
258,756
258,757
258,758
258,759
258,760
258,761
258,762
258,765
258,766
258,767
258,768
258,771
258,775
258,776
258,777
258,793
258,794
258,795
258,803
258,808
258,809
258,810
258,811
258,812
258,813
258,816
258,825
258,832
258,833
258,839
258,840
258,841
258,842
258,843
258,844
258,845
258,847
258,851
258,853
258,854
258,858
258,859
258,864
258,868
258,869
258,873
258,875
258,1032
258,1040
258,1044
258,1046
258,1047
258,1050
258,1056
258,1060
258,1061
258,1064
258,1065
258,1066
258,1073
258,1079
258,1081
258,1083
258,1088
258,1090
258,1093
258,1163
258,1164
258,1166
258,1167
258,1168
258,1169
258,1170
258,1171
258,1211
259,746
259,752
259,754
259,755
259,756
259,757
259,758
259,759
259,760
259,761
259,762
259,764
259,765
259,766
259,767
259,768
259,775
259,777
259,782
259,793
259,795
259,799
259,801
259,803
259,806
259,808
259,809
259,810
259,811
259,813
259,816
259,819
259,823
259,825
259,827
259,832
259,833
259,839
259,840
259,841
259,842
259,844
259,845
259,847
259,848
259,849
259,851
259,854
259,858
259,859
259,861
259,864
259,865
259,866
259,870
259,875
259,1032
259,1034
259,1035
259,1040
259,1044
259,1046
259,1048
259,1050
259,1052
259,1056
259,1059
259,1060
259,1061
259,1064
259,1065
259,1066
259,1067
259,1073
259,1074
259,1076
259,1079
259,1080
259,1081
259,1083
259,1088
259,1089
259,1090
259,1092
259,1093
259,1162
259,1165
259,1166
259,1168
259,1169
259,1171
259,1172
259,1173
259,1174
259,1175
259,1176
259,1200
259,1211
260,747
260,763
260,764
260,765
260,766
260,767
260,768
260,769
260,770
260,771
260,772
260,773
260,774
260,775
260,776
260,777
260,778
260,779
260,780
260,798
260,800
260,801
260,804
260,815
260,819
260,820
260,821
260,822
260,823
260,824
260,825
260,826
260,829
260,830
260,833
260,834
260,835
260,836
260,838
260,842
260,844
260,845
260,848
260,849
260,850
260,853
260,855
260,857
260,860
260,874
260,875
260,1033
260,1034
260,1035
260,1036
260,1037
260,1038
260,1041
260,1043
260,1051
260,1055
260,1056
260,1061
260,1063
260,1064
260,1068
260,1072
260,1077
260,1078
260,1087
260,1089
260,1090
260,1091
260,1094
260,1168
260,1169
260,1171
260,1198
260,1214
261,748
261,749
261,750
261,751
261,752
261,753
261,754
261,755
261,756
261,757
261,758
261,759
261,760
261,761
261,762
261,763
261,764
261,765
261,766
261,767
261,768
261,769
261,770
261,771
261,772
261,773
261,774
261,775
261,776
261,777
261,778
261,779
261,780
261,781
261,782
261,793
261,794
261,795
261,796
261,797
261,798
261,799
261,800
261,801
261,802
261,803
261,804
261,805
261,806
261,807
261,808
261,809
261,810
261,811
261,812
261,813
261,814
261,815
261,816
261,817
261,818
261,819
261,820
261,821
261,822
261,823
261,824
261,825
261,826
261,827
261,828
261,829
261,830
261,831
261,832
261,833
261,834
261,835
261,836
261,837
261,838
261,839
261,840
261,841
261,842
261,843
261,844
261,845
261,846
261,847
261,848
261,849
261,850
261,851
261,852
261,853
261,854
261,855
261,856
261,857
261,858
261,859
261,860
261,861
261,862
261,863
261,864
261,865
261,866
261,867
261,868
261,869
261,870
261,871
261,872
261,873
261,874
261,875
261,876
261,877
261,1031
261,1032
261,1033
261,1034
261,1035
261,1036
261,1037
261,1038
261,1039
261,1040
261,1041
261,1042
261,1043
261,1044
261,1045
261,1046
261,1047
261,1048
261,1049
261,1050
261,1051
261,1052
261,1053
261,1054
261,1055
261,1056
261,1057
261,1058
261,1059
261,1060
261,1061
261,1062
261,1063
261,1064
261,1065
261,1066
261,1067
261,1068
261,1069
261,1070
261,1071
261,1072
261,1073
261,1074
261,1075
261,1076
261,1077
261,1078
261,1079
261,1080
261,1081
261,1082
261,1083
261,1084
261,1085
261,1086
261,1087
261,1088
261,1089
261,1090
261,1091
261,1092
261,1093
261,1094
261,1095
261,1096
261,1097
261,1162
261,1163
261,1164
261,1165
261,1166
261,1167
261,1168
261,1169
261,1170
261,1171
261,1172
261,1173
261,1174
261,1175
261,1176
261,1196
261,1197
261,1198
261,1199
261,1200
261,1201
261,1209
261,1210
261,1211
261,1212
261,1213
261,1214
262,783
262,794
262,795
262,799
262,800
262,801
262,802
262,803
262,805
262,806
262,808
262,809
262,810
262,811
262,812
262,814
262,815
262,817
262,818
262,819
262,820
262,822
262,823
262,824
262,825
262,826
262,827
262,828
262,830
262,832
262,833
262,834
262,835
262,840
262,841
262,842
262,843
262,844
262,845
262,847
262,848
262,849
262,851
262,853
262,854
262,857
262,858
262,859
262,862
262,867
262,869
262,874
262,875
262,1032
262,1034
262,1036
262,1037
262,1040
262,1044
262,1045
262,1047
262,1050
262,1051
262,1056
262,1057
262,1060
262,1061
262,1062
262,1063
262,1064
262,1065
262,1068
262,1071
262,1078
262,1080
262,1083
262,1084
262,1085
262,1090
262,1091
262,1092
262,1163
262,1164
262,1167
262,1168
262,1169
262,1170
262,1172
262,1173
262,1174
262,1175
262,1209
263,784
263,793
263,794
263,795
263,796
263,800
263,801
263,802
263,803
263,805
263,806
263,807
263,809
263,810
263,811
263,812
263,813
263,815
263,816
263,817
263,818
263,819
263,821
263,822
263,823
263,824
263,825
263,826
263,827
263,828
263,830
263,832
263,833
263,834
263,835
263,840
263,841
263,842
263,843
263,844
263,845
263,851
263,852
263,853
263,854
263,858
263,859
263,862
263,867
263,869
263,874
263,875
263,1032
263,1034
263,1036
263,1037
263,1040
263,1044
263,1047
263,1050
263,1051
263,1056
263,1057
263,1060
263,1061
263,1062
263,1063
263,1064
263,1065
263,1068
263,1071
263,1078
263,1080
263,1083
263,1085
263,1090
263,1091
263,1163
263,1164
263,1167
263,1168
263,1169
263,1170
263,1209
264,785
264,793
264,794
264,795
264,796
264,797
264,800
264,802
264,803
264,805
264,807
264,809
264,810
264,811
264,812
264,814
264,815
264,816
264,817
264,818
264,820
264,821
264,822
264,824
264,825
264,826
264,827
264,828
264,829
264,830
264,833
264,835
264,840
264,841
264,842
264,843
264,844
264,845
264,847
264,848
264,849
264,852
264,854
264,856
264,857
264,858
264,859
264,860
264,867
264,871
264,874
264,875
264,876
264,1032
264,1035
264,1036
264,1037
264,1040
264,1041
264,1042
264,1043
264,1044
264,1045
264,1048
264,1050
264,1051
264,1057
264,1060
264,1062
264,1065
264,1067
264,1068
264,1069
264,1078
264,1083
264,1085
264,1089
264,1091
264,1163
264,1164
264,1173
264,1174
264,1197
264,1209
265,786
265,793
265,794
265,795
265,798
265,799
265,800
265,801
265,802
265,803
265,804
265,805
265,806
265,808
265,809
265,810
265,811
265,812
265,813
265,814
265,815
265,816
265,817
265,818
265,819
265,823
265,828
265,829
265,832
265,835
265,836
265,838
265,840
265,841
265,843
265,844
265,845
265,847
265,848
265,849
265,851
265,853
265,854
265,856
265,858
265,859
265,867
265,869
265,876
265,1034
265,1035
265,1036
265,1037
265,1041
265,1043
265,1044
265,1045
265,1047
265,1050
265,1051
265,1056
265,1057
265,1060
265,1061
265,1063
265,1064
265,1065
265,1068
265,1071
265,1078
265,1080
265,1081
265,1083
265,1084
265,1085
265,1089
265,1090
265,1091
265,1092
265,1163
265,1164
265,1167
265,1168
265,1169
265,1170
265,1172
265,1173
265,1174
265,1175
265,1209
266,787
266,793
266,794
266,796
266,797
266,798
266,800
266,801
266,802
266,803
266,804
266,805
266,806
266,807
266,809
266,810
266,811
266,812
266,813
266,814
266,815
266,816
266,817
266,818
266,819
266,820
266,821
266,823
266,824
266,825
266,826
266,827
266,828
266,829
266,832
266,833
266,834
266,835
266,836
266,838
266,840
266,841
266,842
266,847
266,848
266,849
266,851
266,852
266,853
266,854
266,857
266,858
266,859
266,862
266,867
266,869
266,874
266,875
266,1032
266,1034
266,1035
266,1036
266,1037
266,1041
266,1043
266,1044
266,1045
266,1050
266,1051
266,1056
266,1060
266,1061
266,1063
266,1064
266,1065
266,1068
266,1071
266,1078
266,1080
266,1083
266,1084
266,1085
266,1089
266,1090
266,1091
266,1168
266,1169
266,1197
266,1209
267,788
267,793
267,794
267,796
267,797
267,798
267,800
267,801
267,802
267,803
267,804
267,805
267,806
267,808
267,809
267,810
267,811
267,812
267,813
267,815
267,816
267,817
267,818
267,819
267,823
267,828
267,829
267,830
267,831
267,832
267,834
267,835
267,836
267,840
267,841
267,843
267,844
267,845
267,856
267,858
267,859
267,867
267,876
267,1034
267,1035
267,1036
267,1037
267,1041
267,1042
267,1043
267,1044
267,1045
267,1047
267,1050
267,1051
267,1056
267,1057
267,1060
267,1061
267,1063
267,1064
267,1065
267,1068
267,1071
267,1078
267,1080
267,1081
267,1083
267,1085
267,1089
267,1090
267,1091
267,1092
267,1163
267,1164
267,1167
267,1168
267,1169
267,1170
267,1209
268,789
268,790
268,791
268,792
268,793
268,794
268,795
268,796
268,797
268,798
268,799
268,800
268,801
268,802
268,803
268,804
268,805
268,806
268,807
268,808
268,809
268,810
268,811
268,812
268,813
268,814
268,815
268,816
268,817
268,818
268,819
268,820
268,821
268,822
268,823
268,824
268,825
268,826
268,827
268,828
268,829
268,830
268,831
268,832
268,833
268,834
268,835
268,836
268,837
268,838
268,839
268,840
268,841
268,842
268,843
268,844
268,845
268,846
268,847
268,848
268,849
268,850
268,851
268,852
268,853
268,854
268,855
268,856
268,857
268,858
268,859
268,860
268,861
268,862
268,863
268,864
268,865
268,866
268,867
268,868
268,869
268,870
268,871
268,872
268,873
268,874
268,875
268,876
268,877
268,1031
268,1032
268,1033
268,1034
268,1035
268,1036
268,1037
268,1038
268,1039
268,1040
268,1041
268,1042
268,1043
268,1044
268,1045
268,1046
268,1047
268,1048
268,1049
268,1050
268,1051
268,1052
268,1053
268,1054
268,1055
268,1056
268,1057
268,1058
268,1059
268,1060
268,1061
268,1062
268,1063
268,1064
268,1065
268,1066
268,1067
268,1068
268,1069
268,1070
268,1071
268,1072
268,1073
268,1074
268,1075
268,1076
268,1077
268,1078
268,1079
268,1080
268,1081
268,1082
268,1083
268,1084
268,1085
268,1086
268,1087
268,1088
268,1089
268,1090
268,1091
268,1092
268,1093
268,1094
268,1095
268,1096
268,1097
268,1162
268,1163
268,1164
268,1165
268,1166
268,1167
268,1168
268,1169
268,1170
268,1171
268,1172
268,1173
268,1174
268,1175
268,1176
268,1196
268,1197
268,1198
268,1199
268,1200
268,1201
268,1209
268,1210
268,1211
268,1212
268,1213
268,1214
269,839
269,840
269,841
269,842
269,843
269,844
269,845
269,846
269,847
269,848
269,849
269,850
269,851
269,852
269,853
269,854
269,855
269,856
269,857
269,858
269,859
269,860
269,861
269,862
269,863
269,864
269,865
269,866
269,867
269,868
269,869
269,870
269,871
269,872
269,873
269,874
269,875
269,876
269,877
269,1031
269,1032
269,1033
269,1034
269,1035
269,1036
269,1037
269,1038
269,1039
269,1040
269,1041
269,1042
269,1043
269,1044
269,1045
269,1046
269,1047
269,1048
269,1049
269,1050
269,1051
269,1052
269,1053
269,1054
269,1055
269,1056
269,1057
269,1058
269,1059
269,1060
269,1061
269,1062
269,1063
269,1064
269,1065
269,1066
269,1067
269,1068
269,1069
269,1070
269,1071
269,1072
269,1073
269,1074
269,1075
269,1076
269,1077
269,1078
269,1079
269,1080
269,1081
269,1082
269,1083
269,1084
269,1085
269,1086
269,1087
269,1088
269,1089
269,1090
269,1091
269,1092
269,1093
269,1094
269,1095
269,1096
269,1097
269,1114
269,1119
269,1122
269,1124
269,1125
269,1127
269,1128
269,1129
269,1130
269,1132
269,1133
269,1134
269,1135
269,1136
269,1137
269,1138
269,1139
269,1140
269,1141
269,1144
269,1145
269,1146
269,1150
269,1151
269,1152
269,1153
269,1158
269,1159
269,1160
269,1161
269,1162
269,1163
269,1164
269,1165
269,1166
269,1167
269,1168
269,1169
269,1170
269,1171
269,1172
269,1173
269,1174
269,1175
269,1176
269,1177
269,1178
269,1179
269,1180
269,1185
269,1186
269,1188
269,1190
269,1191
269,1192
269,1196
269,1197
269,1198
269,1199
269,1200
269,1201
269,1202
269,1205
269,1206
269,1207
269,1208
269,1209
269,1210
269,1211
269,1212
269,1213
269,1214
270,878
270,980
270,981
270,983
270,984
270,986
270,993
270,996
270,999
270,1002
270,1003
270,1004
270,1005
270,1006
270,1007
270,1009
270,1011
270,1012
270,1013
270,1014
270,1015
270,1016
270,1017
270,1018
270,1019
270,1021
270,1024
270,1025
270,1026
270,1028
270,1031
270,1035
270,1039
270,1048
270,1053
270,1059
270,1061
270,1064
270,1074
270,1090
270,1093
270,1094
270,1101
270,1102
270,1104
270,1105
270,1109
270,1116
270,1118
270,1120
270,1142
270,1143
270,1147
270,1148
270,1149
270,1157
270,1162
270,1163
270,1164
270,1165
270,1167
270,1168
270,1169
270,1170
270,1171
270,1172
270,1174
270,1175
270,1176
270,1181
270,1183
270,1187
270,1193
270,1194
270,1195
270,1200
270,1204
270,1210
271,879
271,980
271,981
271,983
271,985
271,986
271,988
271,991
271,993
271,995
271,996
271,999
271,1001
271,1002
271,1004
271,1005
271,1007
271,1009
271,1010
271,1011
271,1012
271,1013
271,1014
271,1015
271,1016
271,1017
271,1018
271,1019
271,1020
271,1021
271,1022
271,1023
271,1024
271,1026
271,1027
271,1028
271,1029
271,1031
271,1034
271,1035
271,1053
271,1056
271,1059
271,1061
271,1064
271,1088
271,1090
271,1094
271,1101
271,1102
271,1104
271,1105
271,1109
271,1115
271,1116
271,1118
271,1142
271,1147
271,1148
271,1149
271,1155
271,1157
271,1162
271,1163
271,1164
271,1165
271,1166
271,1167
271,1169
271,1170
271,1171
271,1172
271,1173
271,1174
271,1175
271,1181
271,1183
271,1187
271,1194
271,1195
271,1204
271,1210
272,880
272,981
272,983
272,984
272,985
272,986
272,988
272,989
272,991
272,993
272,995
272,996
272,997
272,999
272,1000
272,1002
272,1004
272,1007
272,1009
272,1011
272,1012
272,1013
272,1014
272,1015
272,1016
272,1017
272,1018
272,1019
272,1020
272,1021
272,1022
272,1023
272,1024
272,1026
272,1027
272,1028
272,1029
272,1031
272,1034
272,1035
272,1048
272,1053
272,1056
272,1059
272,1061
272,1064
272,1067
272,1088
272,1090
272,1101
272,1102
272,1109
272,1115
272,1116
272,1142
272,1148
272,1149
272,1155
272,1157
272,1162
272,1163
272,1164
272,1165
272,1166
272,1167
272,1168
272,1169
272,1170
272,1171
272,1181
272,1183
272,1187
272,1194
272,1195
272,1210
273,881
273,981
273,983
273,984
273,985
273,986
273,988
273,989
273,991
273,992
273,993
273,995
273,997
273,999
273,1000
273,1001
273,1002
273,1009
273,1010
273,1014
273,1015
273,1016
273,1017
273,1018
273,1019
273,1020
273,1021
273,1022
273,1023
273,1024
273,1025
273,1026
273,1027
273,1028
273,1029
273,1031
273,1034
273,1035
273,1039
273,1048
273,1056
273,1061
273,1064
273,1067
273,1074
273,1088
273,1089
273,1090
273,1093
273,1094
273,1101
273,1102
273,1104
273,1109
273,1115
273,1116
273,1120
273,1142
273,1143
273,1147
273,1148
273,1162
273,1163
273,1164
273,1165
273,1166
273,1172
273,1173
273,1174
273,1175
273,1176
273,1181
273,1183
273,1187
273,1193
273,1194
273,1195
273,1200
273,1204
273,1210
274,882
274,980
274,981
274,982
274,983
274,984
274,986
274,987
274,988
274,990
274,991
274,993
274,994
274,995
274,997
274,998
274,999
274,1001
274,1003
274,1004
274,1005
274,1007
274,1009
274,1011
274,1012
274,1013
274,1014
274,1015
274,1016
274,1017
274,1018
274,1019
274,1021
274,1023
274,1025
274,1027
274,1028
274,1029
274,1030
274,1031
274,1039
274,1053
274,1056
274,1061
274,1064
274,1088
274,1090
274,1093
274,1094
274,1103
274,1104
274,1105
274,1108
274,1109
274,1112
274,1115
274,1116
274,1118
274,1142
274,1143
274,1147
274,1148
274,1149
274,1155
274,1162
274,1163
274,1164
274,1165
274,1166
274,1167
274,1169
274,1170
274,1171
274,1172
274,1173
274,1174
274,1175
274,1181
274,1183
274,1187
274,1193
274,1194
274,1195
274,1203
274,1204
274,1210
275,883
275,980
275,981
275,982
275,985
275,987
275,988
275,989
275,990
275,991
275,992
275,993
275,994
275,997
275,998
275,999
275,1002
275,1003
275,1005
275,1006
275,1007
275,1008
275,1009
275,1010
275,1011
275,1012
275,1015
275,1016
275,1017
275,1018
275,1019
275,1020
275,1021
275,1022
275,1025
275,1026
275,1027
275,1028
275,1029
275,1030
275,1031
275,1034
275,1035
275,1039
275,1048
275,1056
275,1061
275,1064
275,1067
275,1074
275,1088
275,1089
275,1090
275,1093
275,1094
275,1098
275,1099
275,1101
275,1102
275,1103
275,1104
275,1105
275,1108
275,1109
275,1112
275,1116
275,1118
275,1120
275,1142
275,1143
275,1148
275,1149
275,1155
275,1157
275,1162
275,1163
275,1164
275,1165
275,1167
275,1168
275,1169
275,1170
275,1171
275,1172
275,1174
275,1175
275,1176
275,1181
275,1183
275,1187
275,1194
275,1195
275,1200
275,1203
275,1210
276,884
276,981
276,982
276,983
276,984
276,986
276,987
276,988
276,989
276,990
276,991
276,992
276,993
276,994
276,995
276,996
276,997
276,998
276,999
276,1000
276,1001
276,1002
276,1004
276,1010
276,1011
276,1012
276,1013
276,1014
276,1015
276,1016
276,1017
276,1018
276,1019
276,1020
276,1021
276,1022
276,1023
276,1025
276,1026
276,1027
276,1028
276,1029
276,1030
276,1034
276,1035
276,1048
276,1053
276,1056
276,1059
276,1061
276,1064
276,1067
276,1088
276,1090
276,1094
276,1103
276,1104
276,1105
276,1108
276,1109
276,1112
276,1118
276,1142
276,1143
276,1147
276,1149
276,1155
276,1167
276,1168
276,1169
276,1170
276,1171
276,1181
276,1187
276,1193
276,1194
276,1195
276,1200
276,1203
276,1204
276,1210
277,885
277,981
277,982
277,984
277,985
277,986
277,987
277,988
277,990
277,991
277,992
277,993
277,994
277,995
277,996
277,997
277,998
277,999
277,1000
277,1003
277,1004
277,1005
277,1007
277,1008
277,1011
277,1012
277,1013
277,1014
277,1015
277,1016
277,1017
277,1018
277,1019
277,1021
277,1023
277,1024
277,1025
277,1027
277,1028
277,1029
277,1031
277,1039
277,1056
277,1061
277,1064
277,1088
277,1090
277,1093
277,1098
277,1103
277,1104
277,1108
277,1109
277,1112
277,1115
277,1116
277,1142
277,1143
277,1147
277,1148
277,1149
277,1155
277,1157
277,1162
277,1163
277,1164
277,1165
277,1166
277,1167
277,1168
277,1169
277,1170
277,1171
277,1181
277,1183
277,1187
277,1193
277,1194
277,1195
277,1204
277,1210
278,886
278,981
278,982
278,984
278,985
278,986
278,987
278,988
278,989
278,990
278,991
278,992
278,993
278,995
278,996
278,998
278,999
278,1000
278,1001
278,1003
278,1004
278,1008
278,1010
278,1011
278,1012
278,1013
278,1014
278,1015
278,1016
278,1017
278,1018
278,1019
278,1020
278,1021
278,1022
278,1023
278,1024
278,1025
278,1026
278,1027
278,1028
278,1029
278,1030
278,1034
278,1035
278,1053
278,1056
278,1059
278,1061
278,1064
278,1088
278,1090
278,1094
278,1098
278,1103
278,1104
278,1105
278,1108
278,1109
278,1112
278,1115
278,1118
278,1142
278,1143
278,1147
278,1149
278,1155
278,1157
278,1167
278,1168
278,1169
278,1170
278,1171
278,1181
278,1183
278,1187
278,1193
278,1194
278,1195
278,1200
278,1203
278,1204
278,1210
279,887
279,982
279,985
279,987
279,988
279,989
279,990
279,991
279,992
279,993
279,994
279,995
279,996
279,997
279,998
279,999
279,1000
279,1001
279,1003
279,1004
279,1005
279,1008
279,1011
279,1012
279,1013
279,1016
279,1018
279,1019
279,1023
279,1025
279,1026
279,1027
279,1028
279,1029
279,1030
279,1031
279,1035
279,1039
279,1048
279,1053
279,1059
279,1061
279,1064
279,1074
279,1090
279,1093
279,1098
279,1099
279,1101
279,1102
279,1103
279,1104
279,1105
279,1108
279,1109
279,1112
279,1115
279,1116
279,1118
279,1120
279,1142
279,1143
279,1148
279,1149
279,1155
279,1157
279,1162
279,1163
279,1164
279,1165
279,1166
279,1172
279,1173
279,1174
279,1175
279,1176
279,1181
279,1183
279,1187
279,1194
279,1195
279,1200
279,1203
279,1210
280,888
280,980
280,981
280,982
280,983
280,985
280,986
280,987
280,990
280,993
280,994
280,997
280,998
280,999
280,1004
280,1005
280,1006
280,1007
280,1009
280,1010
280,1011
280,1012
280,1015
280,1016
280,1017
280,1018
280,1019
280,1020
280,1021
280,1022
280,1024
280,1028
280,1030
280,1031
280,1034
280,1039
280,1048
280,1053
280,1056
280,1061
280,1064
280,1074
280,1090
280,1093
280,1094
280,1101
280,1102
280,1103
280,1104
280,1105
280,1108
280,1109
280,1112
280,1115
280,1116
280,1118
280,1120
280,1142
280,1147
280,1148
280,1149
280,1157
280,1162
280,1163
280,1164
280,1165
280,1166
280,1167
280,1168
280,1169
280,1170
280,1172
280,1174
280,1175
280,1176
280,1181
280,1183
280,1187
280,1194
280,1195
280,1203
280,1204
281,889
281,980
281,981
281,982
281,984
281,985
281,987
281,988
281,989
281,990
281,991
281,992
281,993
281,994
281,995
281,997
281,998
281,999
281,1000
281,1001
281,1002
281,1003
281,1004
281,1005
281,1006
281,1008
281,1009
281,1011
281,1012
281,1013
281,1015
281,1016
281,1017
281,1018
281,1019
281,1020
281,1021
281,1022
281,1023
281,1025
281,1026
281,1027
281,1028
281,1029
281,1030
281,1031
281,1035
281,1039
281,1048
281,1056
281,1061
281,1064
281,1067
281,1074
281,1088
281,1089
281,1090
281,1093
281,1094
281,1098
281,1099
281,1101
281,1102
281,1103
281,1104
281,1105
281,1108
281,1109
281,1112
281,1116
281,1118
281,1120
281,1142
281,1143
281,1147
281,1148
281,1149
281,1155
281,1157
281,1162
281,1163
281,1164
281,1165
281,1167
281,1168
281,1169
281,1170
281,1171
281,1172
281,1173
281,1174
281,1175
281,1176
281,1181
281,1183
281,1187
281,1193
281,1194
281,1195
281,1200
281,1203
281,1204
281,1210
282,890
282,981
282,982
282,983
282,984
282,985
282,986
282,987
282,988
282,989
282,990
282,991
282,993
282,994
282,996
282,997
282,998
282,999
282,1000
282,1001
282,1002
282,1007
282,1010
282,1015
282,1016
282,1017
282,1018
282,1019
282,1020
282,1021
282,1022
282,1023
282,1024
282,1026
282,1027
282,1028
282,1029
282,1030
282,1034
282,1035
282,1048
282,1053
282,1056
282,1059
282,1061
282,1064
282,1067
282,1074
282,1089
282,1090
282,1094
282,1101
282,1102
282,1103
282,1105
282,1108
282,1109
282,1112
282,1118
282,1120
282,1142
282,1149
282,1157
282,1167
282,1168
282,1169
282,1170
282,1172
282,1173
282,1174
282,1175
282,1176
282,1181
282,1187
282,1194
282,1195
282,1200
282,1203
283,891
283,980
283,981
283,982
283,983
283,985
283,986
283,987
283,988
283,989
283,990
283,991
283,992
283,993
283,995
283,996
283,997
283,998
283,999
283,1000
283,1001
283,1002
283,1003
283,1005
283,1006
283,1009
283,1010
283,1011
283,1012
283,1014
283,1015
283,1016
283,1017
283,1018
283,1019
283,1020
283,1021
283,1022
283,1023
283,1024
283,1025
283,1026
283,1027
283,1028
283,1029
283,1031
283,1034
283,1035
283,1039
283,1048
283,1053
283,1056
283,1059
283,1061
283,1064
283,1067
283,1074
283,1088
283,1089
283,1090
283,1093
283,1094
283,1098
283,1099
283,1101
283,1102
283,1103
283,1104
283,1105
283,1109
283,1112
283,1116
283,1118
283,1120
283,1142
283,1143
283,1148
283,1149
283,1155
283,1157
283,1162
283,1163
283,1164
283,1165
283,1167
283,1168
283,1169
283,1170
283,1171
283,1172
283,1173
283,1174
283,1175
283,1176
283,1181
283,1183
283,1187
283,1194
283,1195
283,1200
283,1210
284,892
284,980
284,981
284,982
284,983
284,985
284,986
284,987
284,988
284,989
284,990
284,991
284,992
284,993
284,997
284,998
284,999
284,1002
284,1003
284,1004
284,1005
284,1006
284,1007
284,1009
284,1011
284,1012
284,1013
284,1014
284,1015
284,1016
284,1017
284,1018
284,1019
284,1020
284,1021
284,1022
284,1024
284,1025
284,1026
284,1027
284,1028
284,1029
284,1031
284,1035
284,1039
284,1048
284,1056
284,1061
284,1064
284,1067
284,1074
284,1088
284,1089
284,1090
284,1093
284,1094
284,1098
284,1099
284,1101
284,1102
284,1103
284,1104
284,1105
284,1109
284,1112
284,1115
284,1116
284,1118
284,1120
284,1142
284,1143
284,1148
284,1149
284,1155
284,1157
284,1162
284,1163
284,1164
284,1165
284,1166
284,1167
284,1168
284,1169
284,1170
284,1171
284,1172
284,1173
284,1174
284,1175
284,1176
284,1181
284,1183
284,1187
284,1194
284,1195
284,1200
284,1210
285,893
285,982
285,984
285,985
285,987
285,988
285,990
285,991
285,992
285,993
285,994
285,996
285,997
285,998
285,999
285,1000
285,1001
285,1003
285,1004
285,1007
285,1008
285,1010
285,1011
285,1012
285,1016
285,1018
285,1019
285,1020
285,1022
285,1023
285,1025
285,1027
285,1028
285,1029
285,1030
285,1034
285,1039
285,1048
285,1056
285,1061
285,1064
285,1074
285,1090
285,1093
285,1094
285,1098
285,1099
285,1103
285,1104
285,1105
285,1108
285,1109
285,1112
285,1115
285,1118
285,1120
285,1142
285,1143
285,1147
285,1149
285,1157
285,1167
285,1168
285,1169
285,1170
285,1172
285,1173
285,1174
285,1175
285,1176
285,1181
285,1183
285,1187
285,1193
285,1194
285,1195
285,1200
285,1203
285,1204
286,894
286,980
286,981
286,982
286,985
286,986
286,987
286,990
286,993
286,994
286,997
286,998
286,999
286,1004
286,1006
286,1007
286,1008
286,1011
286,1012
286,1013
286,1014
286,1015
286,1016
286,1017
286,1018
286,1019
286,1020
286,1021
286,1022
286,1024
286,1028
286,1031
286,1034
286,1035
286,1039
286,1048
286,1056
286,1059
286,1061
286,1064
286,1074
286,1088
286,1089
286,1090
286,1093
286,1099
286,1101
286,1102
286,1103
286,1108
286,1109
286,1112
286,1115
286,1116
286,1120
286,1142
286,1148
286,1149
286,1155
286,1157
286,1162
286,1163
286,1164
286,1165
286,1166
286,1167
286,1168
286,1169
286,1170
286,1171
286,1172
286,1174
286,1175
286,1176
286,1181
286,1183
286,1187
286,1193
286,1194
286,1195
287,895
287,981
287,982
287,985
287,986
287,987
287,988
287,990
287,991
287,993
287,995
287,996
287,998
287,999
287,1001
287,1006
287,1007
287,1008
287,1010
287,1014
287,1015
287,1016
287,1017
287,1018
287,1019
287,1020
287,1021
287,1022
287,1023
287,1024
287,1026
287,1027
287,1028
287,1029
287,1030
287,1034
287,1035
287,1048
287,1053
287,1056
287,1059
287,1061
287,1064
287,1067
287,1074
287,1088
287,1089
287,1090
287,1094
287,1099
287,1101
287,1102
287,1103
287,1105
287,1108
287,1109
287,1112
287,1118
287,1120
287,1142
287,1149
287,1155
287,1157
287,1162
287,1163
287,1164
287,1165
287,1166
287,1167
287,1168
287,1169
287,1170
287,1171
287,1172
287,1173
287,1174
287,1175
287,1176
287,1181
287,1187
287,1193
287,1194
287,1195
287,1200
287,1203
288,896
288,982
288,984
288,987
288,988
288,990
288,991
288,993
288,994
288,995
288,997
288,998
288,999
288,1001
288,1004
288,1006
288,1007
288,1008
288,1010
288,1011
288,1012
288,1013
288,1016
288,1018
288,1019
288,1020
288,1022
288,1023
288,1025
288,1027
288,1028
288,1029
288,1030
288,1034
288,1035
288,1039
288,1048
288,1056
288,1059
288,1061
288,1064
288,1074
288,1088
288,1089
288,1090
288,1093
288,1094
288,1098
288,1099
288,1103
288,1104
288,1105
288,1108
288,1109
288,1112
288,1118
288,1120
288,1142
288,1143
288,1147
288,1149
288,1155
288,1162
288,1163
288,1164
288,1165
288,1166
288,1167
288,1168
288,1169
288,1170
288,1171
288,1172
288,1173
288,1174
288,1175
288,1176
288,1181
288,1187
288,1193
288,1194
288,1195
288,1200
288,1203
288,1204
289,897
289,980
289,982
289,984
289,987
289,990
289,993
289,994
289,996
289,998
289,999
289,1006
289,1007
289,1008
289,1010
289,1016
289,1018
289,1019
289,1020
289,1022
289,1025
289,1026
289,1028
289,1030
289,1031
289,1034
289,1035
289,1039
289,1048
289,1053
289,1056
289,1059
289,1061
289,1064
289,1067
289,1074
289,1088
289,1089
289,1090
289,1093
289,1098
289,1099
289,1101
289,1102
289,1103
289,1104
289,1108
289,1109
289,1112
289,1115
289,1116
289,1120
289,1142
289,1143
289,1147
289,1148
289,1155
289,1162
289,1163
289,1164
289,1165
289,1166
289,1167
289,1168
289,1169
289,1170
289,1171
289,1172
289,1173
289,1174
289,1175
289,1176
289,1181
289,1183
289,1187
289,1193
289,1194
289,1195
289,1200
289,1203
289,1204
289,1210
290,898
290,938
290,963
290,964
290,965
290,966
290,980
290,982
290,984
290,987
290,990
290,994
290,998
290,999
290,1006
290,1007
290,1008
290,1010
290,1018
290,1019
290,1020
290,1022
290,1026
290,1030
290,1035
290,1036
290,1037
290,1040
290,1041
290,1042
290,1043
290,1048
290,1049
290,1051
290,1061
290,1064
290,1067
290,1068
290,1069
290,1072
290,1075
290,1078
290,1080
290,1081
290,1087
290,1089
290,1090
290,1091
290,1092
290,1100
290,1103
290,1105
290,1106
290,1110
290,1111
290,1112
290,1113
290,1116
290,1118
290,1126
290,1147
290,1148
290,1162
290,1165
290,1167
290,1168
290,1169
290,1170
290,1172
290,1173
290,1174
290,1175
290,1184
290,1197
290,1203
290,1204
290,1212
291,899
291,949
291,950
291,971
291,972
291,973
291,980
291,988
291,989
291,991
291,992
291,995
291,1000
291,1001
291,1003
291,1004
291,1005
291,1006
291,1007
291,1010
291,1011
291,1012
291,1013
291,1020
291,1022
291,1027
291,1029
291,1031
291,1035
291,1036
291,1037
291,1039
291,1041
291,1042
291,1043
291,1048
291,1051
291,1053
291,1054
291,1061
291,1064
291,1067
291,1068
291,1069
291,1070
291,1078
291,1089
291,1090
291,1091
291,1094
291,1095
291,1097
291,1100
291,1104
291,1105
291,1109
291,1115
291,1116
291,1118
291,1123
291,1131
291,1142
291,1143
291,1147
291,1148
291,1149
291,1157
291,1162
291,1163
291,1164
291,1165
291,1167
291,1168
291,1169
291,1170
291,1171
291,1172
291,1173
291,1174
291,1175
291,1176
291,1181
291,1182
291,1183
291,1187
291,1194
291,1195
291,1198
291,1204
291,1209
292,900
292,969
292,970
292,971
292,972
292,973
292,974
292,975
292,976
292,977
292,978
292,979
292,980
292,988
292,990
292,991
292,995
292,998
292,1000
292,1001
292,1004
292,1005
292,1006
292,1007
292,1010
292,1011
292,1012
292,1022
292,1023
292,1027
292,1029
292,1030
292,1036
292,1037
292,1039
292,1042
292,1048
292,1051
292,1053
292,1054
292,1061
292,1063
292,1064
292,1067
292,1068
292,1069
292,1070
292,1078
292,1091
292,1094
292,1095
292,1097
292,1100
292,1103
292,1104
292,1105
292,1109
292,1112
292,1115
292,1116
292,1118
292,1131
292,1142
292,1143
292,1147
292,1148
292,1149
292,1157
292,1162
292,1163
292,1164
292,1165
292,1166
292,1167
292,1168
292,1169
292,1170
292,1172
292,1173
292,1174
292,1175
292,1176
292,1181
292,1182
292,1183
292,1187
292,1189
292,1194
292,1195
292,1203
292,1204
293,901
293,967
293,968
293,969
293,970
293,971
293,972
293,973
293,974
293,975
293,977
293,978
293,979
293,980
293,988
293,990
293,991
293,995
293,998
293,1001
293,1004
293,1006
293,1007
293,1010
293,1011
293,1012
293,1013
293,1020
293,1022
293,1023
293,1027
293,1029
293,1034
293,1035
293,1036
293,1037
293,1039
293,1041
293,1042
293,1043
293,1048
293,1051
293,1056
293,1061
293,1063
293,1064
293,1067
293,1068
293,1069
293,1070
293,1071
293,1078
293,1089
293,1090
293,1091
293,1094
293,1097
293,1100
293,1103
293,1109
293,1111
293,1112
293,1115
293,1116
293,1123
293,1131
293,1142
293,1148
293,1149
293,1154
293,1162
293,1163
293,1164
293,1165
293,1166
293,1167
293,1170
293,1171
293,1172
293,1173
293,1174
293,1175
293,1176
293,1181
293,1182
293,1183
293,1187
293,1189
293,1194
293,1195
294,902
294,963
294,964
294,965
294,966
294,969
294,970
294,971
294,972
294,973
294,974
294,975
294,976
294,977
294,978
294,979
294,980
294,982
294,987
294,990
294,994
294,997
294,998
294,999
294,1007
294,1008
294,1010
294,1018
294,1019
294,1020
294,1022
294,1026
294,1030
294,1034
294,1035
294,1036
294,1037
294,1041
294,1043
294,1049
294,1051
294,1056
294,1061
294,1063
294,1064
294,1068
294,1072
294,1078
294,1080
294,1081
294,1087
294,1089
294,1090
294,1091
294,1092
294,1100
294,1103
294,1105
294,1106
294,1110
294,1112
294,1113
294,1118
294,1126
294,1147
294,1148
294,1162
294,1163
294,1164
294,1165
294,1167
294,1168
294,1169
294,1170
294,1172
294,1175
294,1189
294,1203
294,1204
294,1212
295,903
295,952
295,953
295,956
295,957
295,958
295,959
295,960
295,961
295,963
295,965
295,966
295,969
295,974
295,975
295,976
295,980
295,982
295,987
295,994
295,997
295,998
295,999
295,1006
295,1007
295,1008
295,1010
295,1018
295,1019
295,1022
295,1030
295,1036
295,1037
295,1040
295,1042
295,1048
295,1049
295,1051
295,1061
295,1063
295,1064
295,1067
295,1068
295,1069
295,1071
295,1072
295,1075
295,1078
295,1080
295,1087
295,1091
295,1092
295,1100
295,1103
295,1105
295,1106
295,1110
295,1112
295,1113
295,1118
295,1126
295,1147
295,1148
295,1162
295,1163
295,1164
295,1165
295,1167
295,1170
295,1172
295,1173
295,1174
295,1175
295,1184
295,1203
295,1204
296,904
296,940
296,941
296,942
296,943
296,944
296,945
296,947
296,950
296,969
296,971
296,972
296,973
296,974
296,975
296,976
296,980
296,988
296,991
296,992
296,995
296,1000
296,1001
296,1004
296,1005
296,1007
296,1010
296,1011
296,1012
296,1013
296,1020
296,1022
296,1023
296,1027
296,1029
296,1031
296,1034
296,1035
296,1036
296,1037
296,1041
296,1043
296,1051
296,1053
296,1054
296,1056
296,1061
296,1063
296,1064
296,1068
296,1071
296,1078
296,1089
296,1090
296,1091
296,1094
296,1095
296,1097
296,1100
296,1104
296,1105
296,1109
296,1115
296,1116
296,1118
296,1131
296,1142
296,1143
296,1147
296,1148
296,1149
296,1154
296,1157
296,1162
296,1163
296,1164
296,1165
296,1166
296,1167
296,1168
296,1169
296,1170
296,1171
296,1172
296,1173
296,1174
296,1175
296,1181
296,1183
296,1187
296,1194
296,1195
296,1204
296,1209
297,905
297,940
297,941
297,942
297,943
297,944
297,945
297,947
297,949
297,970
297,971
297,972
297,973
297,977
297,978
297,979
297,980
297,988
297,989
297,990
297,995
297,998
297,1000
297,1001
297,1003
297,1004
297,1005
297,1007
297,1010
297,1011
297,1012
297,1013
297,1020
297,1022
297,1027
297,1029
297,1030
297,1034
297,1036
297,1037
297,1039
297,1051
297,1053
297,1054
297,1056
297,1061
297,1063
297,1064
297,1068
297,1070
297,1071
297,1078
297,1090
297,1091
297,1094
297,1095
297,1097
297,1103
297,1104
297,1105
297,1109
297,1112
297,1115
297,1116
297,1118
297,1123
297,1142
297,1143
297,1147
297,1148
297,1149
297,1154
297,1157
297,1162
297,1163
297,1164
297,1165
297,1166
297,1167
297,1168
297,1169
297,1170
297,1171
297,1172
297,1173
297,1174
297,1175
297,1181
297,1183
297,1187
297,1189
297,1194
297,1195
297,1203
297,1204
297,1209
298,906
298,949
298,950
298,954
298,967
298,968
298,969
298,971
298,972
298,973
298,974
298,975
298,976
298,977
298,978
298,979
298,980
298,988
298,989
298,990
298,992
298,995
298,998
298,1006
298,1007
298,1027
298,1030
298,1034
298,1035
298,1036
298,1037
298,1039
298,1041
298,1042
298,1043
298,1048
298,1051
298,1054
298,1056
298,1063
298,1067
298,1068
298,1069
298,1070
298,1071
298,1078
298,1089
298,1091
298,1097
298,1100
298,1103
298,1104
298,1109
298,1111
298,1112
298,1115
298,1116
298,1123
298,1131
298,1142
298,1143
298,1147
298,1148
298,1154
298,1162
298,1163
298,1164
298,1165
298,1166
298,1167
298,1168
298,1169
298,1170
298,1171
298,1172
298,1175
298,1176
298,1181
298,1182
298,1183
298,1184
298,1187
298,1189
298,1194
298,1195
298,1198
298,1203
298,1204
298,1209
299,907
299,952
299,953
299,955
299,956
299,957
299,959
299,960
299,961
299,962
299,963
299,965
299,966
299,967
299,969
299,974
299,975
299,980
299,982
299,987
299,990
299,994
299,997
299,998
299,999
299,1006
299,1007
299,1010
299,1018
299,1019
299,1020
299,1022
299,1030
299,1034
299,1035
299,1036
299,1037
299,1040
299,1041
299,1042
299,1048
299,1049
299,1051
299,1056
299,1061
299,1063
299,1064
299,1067
299,1068
299,1069
299,1071
299,1075
299,1078
299,1080
299,1089
299,1090
299,1091
299,1100
299,1103
299,1105
299,1110
299,1111
299,1112
299,1118
299,1126
299,1148
299,1162
299,1163
299,1164
299,1165
299,1167
299,1168
299,1169
299,1170
299,1172
299,1173
299,1174
299,1175
299,1184
299,1189
299,1203
300,908
300,939
300,940
300,941
300,943
300,944
300,945
300,947
300,948
300,949
300,968
300,970
300,971
300,972
300,973
300,977
300,978
300,979
300,988
300,989
300,990
300,991
300,992
300,995
300,998
300,1001
300,1003
300,1004
300,1005
300,1007
300,1010
300,1011
300,1012
300,1013
300,1020
300,1022
300,1023
300,1027
300,1029
300,1034
300,1036
300,1037
300,1039
300,1051
300,1056
300,1061
300,1063
300,1064
300,1068
300,1070
300,1071
300,1078
300,1090
300,1091
300,1094
300,1097
300,1103
300,1104
300,1109
300,1112
300,1115
300,1116
300,1123
300,1142
300,1143
300,1147
300,1148
300,1149
300,1154
300,1162
300,1163
300,1164
300,1165
300,1166
300,1167
300,1170
300,1171
300,1181
300,1183
300,1184
300,1187
300,1189
300,1194
300,1195
300,1204
300,1209
301,909
301,940
301,941
301,944
301,945
301,946
301,948
301,950
301,954
301,967
301,970
301,971
301,972
301,973
301,974
301,975
301,977
301,978
301,980
301,988
301,989
301,990
301,991
301,995
301,998
301,1000
301,1001
301,1003
301,1004
301,1005
301,1006
301,1007
301,1010
301,1011
301,1012
301,1013
301,1020
301,1022
301,1023
301,1027
301,1029
301,1031
301,1034
301,1036
301,1037
301,1039
301,1041
301,1042
301,1048
301,1051
301,1053
301,1056
301,1061
301,1063
301,1064
301,1067
301,1068
301,1069
301,1070
301,1071
301,1078
301,1090
301,1091
301,1094
301,1095
301,1097
301,1100
301,1103
301,1104
301,1105
301,1109
301,1111
301,1112
301,1115
301,1116
301,1118
301,1131
301,1142
301,1148
301,1149
301,1154
301,1157
301,1162
301,1163
301,1164
301,1165
301,1166
301,1167
301,1168
301,1169
301,1170
301,1171
301,1172
301,1175
301,1176
301,1181
301,1182
301,1183
301,1184
301,1187
301,1194
301,1195
301,1198
301,1209
302,910
302,938
302,949
302,952
302,954
302,963
302,964
302,965
302,966
302,968
302,969
302,970
302,971
302,972
302,974
302,975
302,977
302,978
302,979
302,982
302,987
302,990
302,994
302,997
302,998
302,999
302,1007
302,1008
302,1010
302,1018
302,1019
302,1020
302,1022
302,1026
302,1030
302,1034
302,1035
302,1036
302,1037
302,1041
302,1042
302,1043
302,1049
302,1051
302,1056
302,1061
302,1063
302,1064
302,1068
302,1069
302,1071
302,1072
302,1078
302,1080
302,1081
302,1089
302,1090
302,1091
302,1092
302,1100
302,1103
302,1105
302,1110
302,1112
302,1118
302,1126
302,1148
302,1162
302,1163
302,1164
302,1165
302,1167
302,1168
302,1169
302,1170
302,1189
302,1203
302,1212
303,911
303,939
303,940
303,941
303,943
303,944
303,945
303,946
303,947
303,949
303,950
303,954
303,969
303,970
303,971
303,972
303,973
303,974
303,975
303,988
303,991
303,992
303,995
303,1000
303,1001
303,1004
303,1007
303,1010
303,1011
303,1012
303,1013
303,1020
303,1022
303,1023
303,1027
303,1029
303,1031
303,1034
303,1035
303,1036
303,1037
303,1041
303,1042
303,1043
303,1051
303,1053
303,1054
303,1056
303,1061
303,1063
303,1064
303,1068
303,1071
303,1078
303,1089
303,1090
303,1091
303,1094
303,1097
303,1100
303,1109
303,1115
303,1116
303,1131
303,1142
303,1148
303,1149
303,1154
303,1162
303,1163
303,1164
303,1165
303,1166
303,1167
303,1170
303,1171
303,1181
303,1183
303,1187
303,1194
303,1195
303,1209
304,912
304,938
304,952
304,953
304,956
304,957
304,958
304,959
304,960
304,961
304,963
304,965
304,966
304,970
304,971
304,972
304,973
304,977
304,978
304,979
304,980
304,982
304,984
304,987
304,990
304,994
304,998
304,1007
304,1008
304,1010
304,1018
304,1019
304,1020
304,1022
304,1030
304,1034
304,1036
304,1037
304,1040
304,1049
304,1051
304,1056
304,1061
304,1063
304,1064
304,1068
304,1071
304,1072
304,1075
304,1078
304,1080
304,1087
304,1090
304,1091
304,1092
304,1103
304,1105
304,1106
304,1111
304,1112
304,1113
304,1116
304,1118
304,1126
304,1147
304,1148
304,1162
304,1163
304,1164
304,1165
304,1167
304,1168
304,1169
304,1170
304,1172
304,1175
304,1189
304,1203
304,1204
304,1212
305,913
305,939
305,940
305,941
305,942
305,943
305,944
305,945
305,946
305,947
305,948
305,950
305,968
305,970
305,971
305,972
305,973
305,977
305,978
305,979
305,988
305,989
305,990
305,992
305,995
305,998
305,1003
305,1004
305,1005
305,1011
305,1012
305,1013
305,1023
305,1027
305,1030
305,1035
305,1036
305,1037
305,1039
305,1041
305,1042
305,1043
305,1048
305,1051
305,1054
305,1067
305,1068
305,1069
305,1070
305,1078
305,1089
305,1091
305,1097
305,1100
305,1103
305,1104
305,1105
305,1109
305,1111
305,1112
305,1115
305,1116
305,1118
305,1131
305,1142
305,1148
305,1149
305,1154
305,1157
305,1162
305,1163
305,1164
305,1165
305,1166
305,1172
305,1173
305,1174
305,1175
305,1176
305,1181
305,1182
305,1183
305,1184
305,1187
305,1189
305,1194
305,1195
305,1198
305,1203
305,1209
306,914
306,940
306,941
306,942
306,943
306,944
306,945
306,947
306,950
306,954
306,967
306,968
306,969
306,971
306,972
306,973
306,974
306,975
306,976
306,977
306,978
306,988
306,990
306,991
306,992
306,995
306,998
306,1001
306,1006
306,1007
306,1010
306,1020
306,1022
306,1023
306,1027
306,1029
306,1030
306,1034
306,1035
306,1036
306,1037
306,1041
306,1042
306,1043
306,1048
306,1051
306,1054
306,1056
306,1061
306,1063
306,1064
306,1067
306,1068
306,1069
306,1071
306,1078
306,1089
306,1090
306,1091
306,1094
306,1095
306,1100
306,1103
306,1105
306,1109
306,1111
306,1112
306,1118
306,1123
306,1131
306,1142
306,1149
306,1154
306,1157
306,1162
306,1165
306,1166
306,1167
306,1168
306,1169
306,1170
306,1171
306,1172
306,1173
306,1174
306,1175
306,1176
306,1181
306,1182
306,1187
306,1189
306,1194
306,1195
306,1198
306,1203
307,915
307,938
307,950
307,951
307,952
307,953
307,955
307,956
307,957
307,959
307,960
307,961
307,963
307,965
307,966
307,968
307,970
307,971
307,972
307,977
307,978
307,979
307,982
307,984
307,987
307,990
307,994
307,997
307,998
307,999
307,1007
307,1010
307,1018
307,1019
307,1020
307,1022
307,1026
307,1030
307,1034
307,1036
307,1037
307,1040
307,1049
307,1051
307,1056
307,1061
307,1063
307,1064
307,1068
307,1071
307,1075
307,1078
307,1080
307,1090
307,1091
307,1103
307,1105
307,1106
307,1111
307,1112
307,1116
307,1118
307,1126
307,1147
307,1148
307,1162
307,1163
307,1164
307,1165
307,1167
307,1168
307,1169
307,1170
307,1189
307,1203
307,1204
307,1212
308,916
308,949
308,950
308,951
308,952
308,954
308,956
308,957
308,959
308,960
308,962
308,963
308,964
308,965
308,966
308,967
308,971
308,972
308,974
308,975
308,978
308,979
308,980
308,982
308,984
308,987
308,990
308,994
308,997
308,998
308,999
308,1006
308,1007
308,1008
308,1010
308,1018
308,1019
308,1020
308,1022
308,1030
308,1034
308,1036
308,1037
308,1040
308,1041
308,1042
308,1043
308,1048
308,1049
308,1051
308,1056
308,1061
308,1063
308,1064
308,1067
308,1068
308,1071
308,1075
308,1078
308,1080
308,1081
308,1087
308,1090
308,1091
308,1092
308,1100
308,1103
308,1105
308,1110
308,1112
308,1113
308,1116
308,1118
308,1126
308,1147
308,1148
308,1162
308,1163
308,1164
308,1165
308,1167
308,1168
308,1169
308,1170
308,1172
308,1173
308,1174
308,1175
308,1184
308,1189
308,1197
308,1203
308,1204
308,1212
309,917
309,938
309,951
309,953
309,954
309,955
309,956
309,957
309,958
309,959
309,960
309,961
309,962
309,963
309,964
309,965
309,966
309,967
309,969
309,974
309,975
309,976
309,980
309,982
309,984
309,987
309,994
309,1006
309,1007
309,1026
309,1034
309,1035
309,1036
309,1037
309,1040
309,1041
309,1042
309,1043
309,1048
309,1049
309,1051
309,1056
309,1063
309,1067
309,1068
309,1071
309,1072
309,1075
309,1078
309,1089
309,1091
309,1100
309,1103
309,1106
309,1110
309,1111
309,1112
309,1126
309,1148
309,1162
309,1163
309,1164
309,1165
309,1167
309,1168
309,1169
309,1170
309,1172
309,1173
309,1174
309,1175
309,1184
309,1189
309,1197
309,1203
309,1204
309,1212
310,918
310,940
310,941
310,944
310,945
310,946
310,948
310,950
310,954
310,967
310,968
310,969
310,970
310,971
310,972
310,973
310,974
310,975
310,976
310,977
310,978
310,979
310,980
310,988
310,989
310,990
310,995
310,998
310,1001
310,1003
310,1005
310,1006
310,1007
310,1010
310,1011
310,1012
310,1022
310,1023
310,1027
310,1029
310,1030
310,1031
310,1034
310,1036
310,1037
310,1039
310,1041
310,1042
310,1048
310,1051
310,1053
310,1056
310,1061
310,1063
310,1064
310,1067
310,1068
310,1069
310,1070
310,1071
310,1078
310,1091
310,1095
310,1097
310,1100
310,1103
310,1104
310,1105
310,1109
310,1111
310,1112
310,1115
310,1116
310,1118
310,1131
310,1142
310,1148
310,1149
310,1154
310,1157
310,1162
310,1163
310,1164
310,1165
310,1167
310,1168
310,1169
310,1170
310,1171
310,1172
310,1173
310,1174
310,1175
310,1176
310,1181
310,1182
310,1183
310,1184
310,1187
310,1189
310,1194
310,1195
310,1198
310,1203
310,1209
311,919
311,939
311,940
311,941
311,942
311,944
311,945
311,947
311,948
311,949
311,968
311,969
311,970
311,971
311,972
311,973
311,974
311,975
311,976
311,977
311,978
311,979
311,988
311,989
311,990
311,992
311,995
311,998
311,1003
311,1004
311,1007
311,1011
311,1012
311,1023
311,1027
311,1030
311,1036
311,1037
311,1039
311,1042
311,1048
311,1051
311,1063
311,1067
311,1068
311,1069
311,1070
311,1078
311,1091
311,1095
311,1103
311,1104
311,1105
311,1109
311,1111
311,1112
311,1118
311,1123
311,1142
311,1143
311,1147
311,1149
311,1157
311,1167
311,1168
311,1169
311,1170
311,1172
311,1173
311,1174
311,1175
311,1176
311,1181
311,1182
311,1183
311,1184
311,1187
311,1189
311,1194
311,1195
311,1198
311,1203
311,1204
312,920
312,940
312,941
312,942
312,943
312,944
312,945
312,947
312,949
312,967
312,968
312,969
312,970
312,971
312,972
312,973
312,974
312,975
312,976
312,977
312,978
312,979
312,988
312,989
312,990
312,995
312,998
312,1004
312,1006
312,1007
312,1011
312,1012
312,1013
312,1027
312,1030
312,1034
312,1035
312,1036
312,1037
312,1039
312,1041
312,1042
312,1043
312,1048
312,1051
312,1056
312,1063
312,1067
312,1068
312,1069
312,1070
312,1071
312,1078
312,1089
312,1091
312,1095
312,1103
312,1104
312,1105
312,1109
312,1111
312,1112
312,1118
312,1123
312,1142
312,1143
312,1147
312,1149
312,1154
312,1157
312,1162
312,1165
312,1166
312,1167
312,1168
312,1169
312,1170
312,1171
312,1172
312,1173
312,1174
312,1175
312,1176
312,1181
312,1182
312,1184
312,1187
312,1189
312,1194
312,1195
312,1198
312,1203
312,1204
313,921
313,938
313,949
313,950
313,952
313,954
313,963
313,964
313,965
313,966
313,967
313,968
313,969
313,970
313,971
313,972
313,973
313,974
313,975
313,976
313,977
313,978
313,979
313,982
313,984
313,987
313,994
313,997
313,999
313,1008
313,1010
313,1018
313,1019
313,1020
313,1022
313,1034
313,1036
313,1037
313,1040
313,1041
313,1042
313,1043
313,1048
313,1049
313,1051
313,1056
313,1061
313,1063
313,1064
313,1067
313,1068
313,1069
313,1071
313,1075
313,1078
313,1080
313,1081
313,1087
313,1090
313,1091
313,1092
313,1100
313,1103
313,1106
313,1110
313,1111
313,1112
313,1126
313,1148
313,1162
313,1163
313,1164
313,1165
313,1172
313,1173
313,1174
313,1175
313,1184
313,1197
313,1203
313,1204
313,1212
314,922
314,939
314,940
314,941
314,942
314,943
314,944
314,945
314,946
314,947
314,948
314,949
314,950
314,954
314,967
314,969
314,970
314,971
314,972
314,973
314,974
314,975
314,976
314,988
314,989
314,991
314,995
314,1000
314,1001
314,1010
314,1020
314,1022
314,1023
314,1027
314,1029
314,1031
314,1034
314,1036
314,1037
314,1039
314,1041
314,1042
314,1048
314,1051
314,1053
314,1056
314,1061
314,1063
314,1064
314,1067
314,1068
314,1069
314,1070
314,1071
314,1078
314,1090
314,1091
314,1094
314,1095
314,1097
314,1100
314,1104
314,1109
314,1115
314,1116
314,1123
314,1131
314,1142
314,1143
314,1147
314,1148
314,1162
314,1163
314,1164
314,1165
314,1166
314,1172
314,1173
314,1174
314,1175
314,1176
314,1181
314,1182
314,1183
314,1187
314,1194
314,1195
314,1198
314,1204
314,1209
315,923
315,939
315,940
315,941
315,942
315,943
315,944
315,945
315,946
315,947
315,948
315,949
315,950
315,968
315,969
315,971
315,972
315,973
315,974
315,975
315,976
315,977
315,978
315,988
315,989
315,990
315,991
315,992
315,995
315,998
315,1001
315,1003
315,1004
315,1010
315,1011
315,1012
315,1013
315,1020
315,1022
315,1023
315,1027
315,1029
315,1030
315,1034
315,1035
315,1036
315,1037
315,1041
315,1043
315,1051
315,1054
315,1056
315,1061
315,1063
315,1064
315,1068
315,1071
315,1078
315,1089
315,1090
315,1091
315,1094
315,1095
315,1103
315,1104
315,1105
315,1109
315,1112
315,1118
315,1123
315,1142
315,1143
315,1147
315,1149
315,1154
315,1157
315,1167
315,1168
315,1169
315,1170
315,1171
315,1181
315,1183
315,1184
315,1187
315,1189
315,1194
315,1195
315,1198
315,1203
315,1204
315,1209
316,924
316,939
316,940
316,941
316,942
316,944
316,945
316,946
316,947
316,949
316,950
316,954
316,967
316,969
316,970
316,971
316,972
316,973
316,974
316,975
316,976
316,977
316,978
316,979
316,988
316,990
316,991
316,992
316,995
316,998
316,1000
316,1001
316,1007
316,1010
316,1022
316,1023
316,1027
316,1029
316,1030
316,1031
316,1035
316,1036
316,1037
316,1041
316,1042
316,1043
316,1048
316,1051
316,1054
316,1061
316,1063
316,1064
316,1067
316,1068
316,1069
316,1078
316,1089
316,1091
316,1094
316,1095
316,1100
316,1103
316,1105
316,1109
316,1112
316,1118
316,1131
316,1142
316,1149
316,1157
316,1167
316,1168
316,1169
316,1170
316,1172
316,1173
316,1174
316,1175
316,1176
316,1181
316,1182
316,1187
316,1189
316,1194
316,1195
316,1198
316,1203
317,925
317,939
317,940
317,941
317,942
317,943
317,944
317,945
317,946
317,947
317,948
317,950
317,954
317,967
317,969
317,970
317,971
317,972
317,973
317,974
317,975
317,976
317,977
317,978
317,980
317,988
317,989
317,990
317,991
317,992
317,995
317,998
317,1000
317,1001
317,1003
317,1005
317,1006
317,1010
317,1011
317,1012
317,1020
317,1022
317,1023
317,1027
317,1029
317,1031
317,1034
317,1035
317,1036
317,1037
317,1039
317,1041
317,1042
317,1043
317,1048
317,1051
317,1053
317,1054
317,1056
317,1061
317,1063
317,1064
317,1067
317,1068
317,1069
317,1070
317,1071
317,1078
317,1089
317,1090
317,1091
317,1094
317,1095
317,1097
317,1100
317,1103
317,1104
317,1105
317,1109
317,1111
317,1112
317,1115
317,1116
317,1118
317,1131
317,1142
317,1148
317,1149
317,1154
317,1157
317,1162
317,1163
317,1164
317,1165
317,1167
317,1168
317,1169
317,1170
317,1171
317,1172
317,1175
317,1176
317,1181
317,1182
317,1183
317,1184
317,1187
317,1194
317,1195
317,1198
317,1209
318,926
318,939
318,940
318,941
318,942
318,943
318,944
318,945
318,946
318,947
318,948
318,949
318,950
318,954
318,969
318,970
318,971
318,972
318,973
318,974
318,975
318,976
318,977
318,978
318,979
318,988
318,989
318,990
318,992
318,995
318,998
318,1000
318,1001
318,1004
318,1010
318,1011
318,1012
318,1013
318,1020
318,1022
318,1027
318,1029
318,1030
318,1031
318,1034
318,1035
318,1036
318,1037
318,1041
318,1042
318,1043
318,1051
318,1054
318,1056
318,1061
318,1063
318,1064
318,1068
318,1071
318,1078
318,1089
318,1090
318,1091
318,1094
318,1095
318,1103
318,1104
318,1105
318,1109
318,1112
318,1118
318,1123
318,1142
318,1143
318,1147
318,1149
318,1154
318,1157
318,1167
318,1168
318,1169
318,1170
318,1171
318,1181
318,1187
318,1189
318,1194
318,1195
318,1198
318,1203
318,1204
318,1209
319,927
319,939
319,940
319,941
319,942
319,943
319,944
319,945
319,946
319,947
319,948
319,949
319,950
319,954
319,967
319,968
319,970
319,971
319,972
319,973
319,974
319,975
319,977
319,978
319,979
319,980
319,988
319,989
319,990
319,995
319,998
319,1001
319,1003
319,1004
319,1005
319,1006
319,1010
319,1011
319,1012
319,1013
319,1022
319,1023
319,1027
319,1029
319,1030
319,1031
319,1034
319,1036
319,1037
319,1039
319,1041
319,1042
319,1048
319,1051
319,1053
319,1056
319,1061
319,1063
319,1064
319,1067
319,1068
319,1069
319,1070
319,1071
319,1078
319,1091
319,1095
319,1097
319,1100
319,1103
319,1104
319,1105
319,1109
319,1111
319,1112
319,1115
319,1116
319,1118
319,1123
319,1131
319,1142
319,1143
319,1147
319,1148
319,1149
319,1154
319,1157
319,1162
319,1163
319,1164
319,1165
319,1167
319,1168
319,1169
319,1170
319,1171
319,1172
319,1175
319,1176
319,1181
319,1182
319,1183
319,1184
319,1187
319,1189
319,1194
319,1195
319,1198
319,1203
319,1204
319,1209
320,928
320,949
320,950
320,951
320,952
320,953
320,955
320,956
320,957
320,958
320,959
320,960
320,961
320,962
320,963
320,964
320,965
320,966
320,968
320,970
320,971
320,972
320,973
320,977
320,978
320,979
320,982
320,984
320,987
320,990
320,994
320,997
320,998
320,1026
320,1030
320,1035
320,1036
320,1037
320,1040
320,1041
320,1042
320,1043
320,1048
320,1049
320,1051
320,1067
320,1068
320,1069
320,1072
320,1075
320,1078
320,1089
320,1091
320,1100
320,1103
320,1105
320,1110
320,1112
320,1113
320,1116
320,1118
320,1126
320,1147
320,1148
320,1162
320,1163
320,1164
320,1165
320,1172
320,1173
320,1174
320,1175
320,1184
320,1189
320,1197
320,1203
320,1204
320,1212
321,929
321,954
321,955
321,956
321,957
321,958
321,959
321,960
321,961
321,962
321,963
321,964
321,965
321,966
321,967
321,969
321,970
321,971
321,972
321,973
321,974
321,975
321,976
321,977
321,978
321,979
321,982
321,987
321,994
321,997
321,999
321,1006
321,1007
321,1010
321,1018
321,1019
321,1020
321,1022
321,1026
321,1034
321,1035
321,1036
321,1037
321,1041
321,1042
321,1043
321,1048
321,1051
321,1056
321,1061
321,1063
321,1064
321,1067
321,1068
321,1069
321,1072
321,1078
321,1080
321,1087
321,1089
321,1090
321,1091
321,1100
321,1103
321,1105
321,1110
321,1111
321,1112
321,1113
321,1162
321,1163
321,1164
321,1165
321,1167
321,1168
321,1169
321,1170
321,1172
321,1173
321,1174
321,1175
321,1184
321,1189
321,1197
321,1203
322,930
322,949
322,950
322,951
322,952
322,953
322,954
322,955
322,956
322,957
322,958
322,959
322,960
322,961
322,962
322,963
322,964
322,965
322,966
322,967
322,969
322,971
322,972
322,974
322,975
322,976
322,978
322,979
322,980
322,982
322,984
322,987
322,994
322,997
322,998
322,1006
322,1007
322,1010
322,1018
322,1019
322,1022
322,1030
322,1034
322,1036
322,1037
322,1040
322,1041
322,1042
322,1043
322,1048
322,1049
322,1051
322,1056
322,1061
322,1063
322,1064
322,1067
322,1068
322,1069
322,1071
322,1075
322,1078
322,1081
322,1087
322,1091
322,1092
322,1100
322,1103
322,1105
322,1110
322,1112
322,1113
322,1116
322,1126
322,1147
322,1148
322,1162
322,1165
322,1167
322,1168
322,1169
322,1170
322,1172
322,1173
322,1174
322,1175
322,1184
322,1189
322,1197
322,1203
322,1204
322,1212
323,931
323,938
323,949
323,950
323,951
323,955
323,956
323,957
323,958
323,959
323,960
323,961
323,963
323,964
323,965
323,966
323,968
323,969
323,970
323,971
323,972
323,973
323,974
323,975
323,976
323,977
323,978
323,979
323,982
323,984
323,987
323,990
323,994
323,997
323,998
323,999
323,1010
323,1018
323,1019
323,1020
323,1022
323,1026
323,1030
323,1034
323,1035
323,1036
323,1037
323,1041
323,1043
323,1051
323,1056
323,1061
323,1063
323,1064
323,1068
323,1072
323,1078
323,1080
323,1087
323,1089
323,1090
323,1091
323,1103
323,1105
323,1106
323,1111
323,1112
323,1113
323,1116
323,1118
323,1148
323,1167
323,1168
323,1169
323,1170
323,1189
323,1197
323,1203
323,1204
323,1212
324,932
324,938
324,949
324,952
324,953
324,954
324,956
324,957
324,958
324,959
324,960
324,961
324,963
324,964
324,965
324,966
324,967
324,968
324,969
324,970
324,971
324,972
324,973
324,974
324,975
324,976
324,978
324,979
324,982
324,987
324,994
324,997
324,999
324,1007
324,1008
324,1010
324,1018
324,1019
324,1022
324,1026
324,1035
324,1036
324,1037
324,1041
324,1042
324,1043
324,1048
324,1051
324,1061
324,1063
324,1064
324,1067
324,1068
324,1069
324,1071
324,1072
324,1078
324,1080
324,1081
324,1087
324,1089
324,1091
324,1100
324,1103
324,1105
324,1110
324,1112
324,1113
324,1167
324,1170
324,1172
324,1173
324,1174
324,1175
324,1184
324,1197
324,1203
325,933
325,949
325,950
325,951
325,952
325,954
325,956
325,957
325,959
325,960
325,962
325,963
325,964
325,965
325,966
325,967
325,968
325,969
325,970
325,971
325,972
325,973
325,974
325,975
325,976
325,977
325,978
325,979
325,980
325,982
325,984
325,987
325,994
325,997
325,998
325,999
325,1006
325,1008
325,1010
325,1018
325,1019
325,1020
325,1022
325,1026
325,1030
325,1034
325,1035
325,1036
325,1037
325,1040
325,1041
325,1042
325,1043
325,1048
325,1049
325,1051
325,1056
325,1061
325,1063
325,1064
325,1067
325,1068
325,1071
325,1072
325,1075
325,1078
325,1080
325,1081
325,1087
325,1089
325,1090
325,1091
325,1092
325,1100
325,1103
325,1105
325,1110
325,1112
325,1113
325,1116
325,1126
325,1147
325,1148
325,1162
325,1165
325,1167
325,1168
325,1169
325,1170
325,1172
325,1173
325,1174
325,1175
325,1184
325,1189
325,1197
325,1203
325,1204
325,1212
326,934
326,938
326,950
326,951
326,952
326,953
326,955
326,956
326,957
326,958
326,959
326,960
326,961
326,962
326,963
326,965
326,966
326,968
326,969
326,970
326,971
326,972
326,973
326,974
326,975
326,976
326,978
326,979
326,982
326,984
326,987
326,994
326,997
326,998
326,1007
326,1026
326,1030
326,1036
326,1037
326,1040
326,1042
326,1048
326,1051
326,1063
326,1067
326,1068
326,1069
326,1071
326,1075
326,1078
326,1087
326,1091
326,1103
326,1105
326,1106
326,1111
326,1112
326,1113
326,1116
326,1118
326,1148
326,1167
326,1170
326,1172
326,1173
326,1174
326,1175
326,1184
326,1197
326,1203
326,1204
327,935
327,938
327,951
327,952
327,953
327,955
327,956
327,957
327,958
327,959
327,960
327,961
327,962
327,963
327,965
327,966
327,967
327,969
327,970
327,971
327,972
327,973
327,974
327,975
327,976
327,977
327,978
327,979
327,982
327,984
327,987
327,990
327,994
327,998
327,1006
327,1007
327,1030
327,1034
327,1035
327,1036
327,1037
327,1040
327,1041
327,1042
327,1048
327,1051
327,1056
327,1063
327,1067
327,1068
327,1069
327,1071
327,1075
327,1078
327,1087
327,1089
327,1091
327,1103
327,1105
327,1106
327,1111
327,1112
327,1113
327,1118
327,1162
327,1163
327,1164
327,1165
327,1167
327,1168
327,1169
327,1170
327,1172
327,1173
327,1174
327,1175
327,1184
327,1189
327,1197
327,1203
327,1204
328,936
328,937
328,938
328,939
328,940
328,941
328,942
328,943
328,944
328,945
328,946
328,947
328,948
328,949
328,950
328,951
328,952
328,953
328,954
328,955
328,956
328,957
328,958
328,959
328,960
328,961
328,962
328,963
328,964
328,965
328,966
328,967
328,968
328,969
328,970
328,971
328,972
328,973
328,974
328,975
328,976
328,977
328,978
328,979
328,980
328,981
328,982
328,983
328,984
328,985
328,986
328,987
328,988
328,989
328,990
328,991
328,992
328,993
328,994
328,995
328,996
328,997
328,998
328,999
328,1000
328,1001
328,1002
328,1003
328,1004
328,1005
328,1006
328,1007
328,1008
328,1009
328,1010
328,1011
328,1012
328,1013
328,1014
328,1015
328,1016
328,1017
328,1018
328,1019
328,1020
328,1021
328,1022
328,1023
328,1024
328,1025
328,1026
328,1027
328,1028
328,1029
328,1030
328,1031
328,1034
328,1035
328,1036
328,1037
328,1039
328,1040
328,1041
328,1042
328,1043
328,1045
328,1048
328,1049
328,1051
328,1053
328,1054
328,1056
328,1057
328,1059
328,1061
328,1062
328,1063
328,1064
328,1067
328,1068
328,1069
328,1070
328,1071
328,1072
328,1074
328,1075
328,1078
328,1080
328,1081
328,1084
328,1087
328,1088
328,1089
328,1090
328,1091
328,1092
328,1093
328,1094
328,1095
328,1097
328,1098
328,1099
328,1100
328,1101
328,1102
328,1103
328,1104
328,1105
328,1106
328,1107
328,1108
328,1109
328,1110
328,1111
328,1112
328,1113
328,1115
328,1116
328,1117
328,1118
328,1120
328,1121
328,1123
328,1126
328,1131
328,1142
328,1143
328,1147
328,1148
328,1149
328,1154
328,1155
328,1156
328,1157
328,1162
328,1163
328,1164
328,1165
328,1166
328,1167
328,1168
328,1169
328,1170
328,1171
328,1172
328,1173
328,1174
328,1175
328,1176
328,1181
328,1182
328,1183
328,1184
328,1187
328,1189
328,1193
328,1194
328,1195
328,1196
328,1197
328,1198
328,1199
328,1200
328,1201
328,1203
328,1204
328,1209
328,1210
328,1211
328,1212
328,1213
328,1214
329,1031
329,1032
329,1033
329,1034
329,1035
329,1036
329,1037
329,1038
329,1039
329,1040
329,1041
329,1042
329,1043
329,1044
329,1045
329,1046
329,1047
329,1048
329,1049
329,1050
329,1051
329,1052
329,1053
329,1054
329,1055
329,1056
329,1057
329,1058
329,1059
329,1060
329,1061
329,1062
329,1063
329,1064
329,1065
329,1066
329,1067
329,1068
329,1069
329,1070
329,1071
329,1072
329,1073
329,1074
329,1075
329,1076
329,1077
329,1078
329,1079
329,1080
329,1081
329,1082
329,1083
329,1084
329,1085
329,1086
329,1087
329,1088
329,1089
329,1090
329,1091
329,1092
329,1093
329,1094
329,1095
329,1096
329,1097
329,1098
329,1099
329,1100
329,1101
329,1102
329,1103
329,1104
329,1105
329,1106
329,1107
329,1108
329,1109
329,1110
329,1111
329,1112
329,1113
329,1114
329,1115
329,1116
329,1117
329,1118
329,1119
329,1120
329,1121
329,1122
329,1123
329,1124
329,1125
329,1126
329,1127
329,1128
329,1129
329,1130
329,1131
329,1132
329,1133
329,1134
329,1135
329,1136
329,1137
329,1138
329,1139
329,1140
329,1141
329,1142
329,1143
329,1144
329,1145
329,1146
329,1147
329,1148
329,1149
329,1150
329,1151
329,1152
329,1153
329,1154
329,1155
329,1156
329,1157
329,1158
329,1159
329,1160
329,1161
329,1162
329,1163
329,1164
329,1165
329,1166
329,1167
329,1168
329,1169
329,1170
329,1171
329,1172
329,1173
329,1174
329,1175
329,1176
329,1177
329,1178
329,1179
329,1180
329,1181
329,1182
329,1183
329,1184
329,1185
329,1186
329,1187
329,1188
329,1189
329,1190
329,1191
329,1192
329,1193
329,1194
329,1195
329,1196
329,1197
329,1198
329,1199
329,1200
329,1201
329,1202
329,1203
329,1204
329,1205
329,1206
329,1207
329,1208
329,1209
329,1210
329,1211
329,1212
329,1213
329,1214
